"sf__Id","sf__Error",Id,Well_Type__c,Status__c,Production_Status__c,Total_Oil_Volume_12M__c,Total_Depth__c,True_Vertical_Depth__c,Formation__c,Spud_Date__c,Completion_Date__c,Last_Production_Date__c,Regulatory_District__c,API_Number__c
"a0Qak00000ktCXaEAM","FIELD_CUSTOM_VALIDATION_EXCEPTION:Invalid status transition from "Permitted" to "Suspended".:--","a0Qak00000ktCXaEAM","Oil","Suspended","Abandoned","10507.37","10298.49","8841.37","Haynesville","2017-01-26","2017-11-20","2026-06-11","PRD-05","22-952-35443-00"
"a0Qak00000ktCd5EAE","FIELD_CUSTOM_VALIDATION_EXCEPTION:Invalid status transition from "Permitted" to "Producing".:--","a0Qak00000ktCd5EAE","Oil","Producing","Flowing","34647.39","12080.18","7783.31","Bakken","2025-05-28","2026-04-06","2026-06-21","PRD-03","91-989-74340-01"
"a0Qak00000ktCciEAE","FIELD_CUSTOM_VALIDATION_EXCEPTION:Invalid status transition from "Permitted" to "Producing".:--","a0Qak00000ktCciEAE","Water Disposal","Producing","Artificial Lift","76693.17","5851.81","4019.41","Fayetteville","2024-04-25","2025-03-31","2026-06-11","PRD-04","76-489-69049-03"
"a0Qak00000ktCf8EAE","FIELD_CUSTOM_VALIDATION_EXCEPTION:Invalid status transition from "Permitted" to "Producing".:--","a0Qak00000ktCf8EAE","Gas","Producing","Flowing","42873.94","10686.29","6637.05","Bone Spring","2025-10-06","2026-02-19","2026-06-10","PRD-04","43-776-20641-04"
"a0Qak00000ktCdkEAE","FIELD_CUSTOM_VALIDATION_EXCEPTION:Invalid status transition from "Permitted" to "Producing".:--","a0Qak00000ktCdkEAE","Oil","Producing","Flowing","25174.62","9085.18","7643.18","Barnett","2025-06-21","2025-08-06","2026-06-23","PRD-05","46-819-69510-05"
"a0Qak00000ktCe5EAE","FIELD_CUSTOM_VALIDATION_EXCEPTION:Invalid status transition from "Permitted" to "Producing".:--","a0Qak00000ktCe5EAE","Gas","Producing","Shut-In","66208.82","11250.58","9353.89","Monterey","2025-03-08","2025-11-10","2026-06-27","PRD-04","92-252-44816-06"
"a0Qak00000ktCZcEAM","FIELD_CUSTOM_VALIDATION_EXCEPTION:Invalid status transition from "Permitted" to "Producing".:--","a0Qak00000ktCZcEAM","Oil","Producing","Artificial Lift","4960.37","16987.49","13576.78","Haynesville","2019-04-27","2019-07-29","2026-06-16","PRD-05","99-512-45683-07"
"a0Qak00000ktCacEAE","FIELD_CUSTOM_VALIDATION_EXCEPTION:Invalid status transition from "Permitted" to "Shut-In".:--","a0Qak00000ktCacEAE","Oil","Shut-In","Shut-In","1666.41","8478.33","6369.01","Niobrara","2017-04-18","2017-09-23","2026-05-18","PRD-02","39-790-85392-08"
"a0Qak00000ktCgyEAE","FIELD_CUSTOM_VALIDATION_EXCEPTION:Invalid status transition from "Permitted" to "Producing".:--","a0Qak00000ktCgyEAE","Water Disposal","Producing","Flowing","64709.42","13214.21","10593.65","Spraberry","2025-03-08","2025-12-03","2026-06-14","PRD-08","45-285-86720-09"
"a0Qak00000ktCZmEAM","FIELD_CUSTOM_VALIDATION_EXCEPTION:Invalid status transition from "Permitted" to "Shut-In".:--","a0Qak00000ktCZmEAM","Oil","Shut-In","Shut-In","1823.01","12175.53","8725.69","Wolfcamp","2023-01-07","2023-04-29","2025-12-14","PRD-07","98-607-47777-10"
"a0Qak00000ktCgYEAU","FIELD_CUSTOM_VALIDATION_EXCEPTION:Invalid status transition from "Permitted" to "Producing".:--","a0Qak00000ktCgYEAU","Water Disposal","Producing","Flowing","64432.49","5366.97","3385.6","Haynesville","2025-04-06","2025-07-04","2026-06-06","PRD-07","75-944-10150-11"
"a0Qak00000ktCeFEAU","FIELD_CUSTOM_VALIDATION_EXCEPTION:Invalid status transition from "Permitted" to "Producing".:--","a0Qak00000ktCeFEAU","Oil","Producing","Flowing","38515.66","12564.43","10288.92","Spraberry","2025-11-26","2026-04-09","2026-06-22","PRD-03","46-548-73532-12"
"a0Qak00000ktCcHEAU","FIELD_CUSTOM_VALIDATION_EXCEPTION:Invalid status transition from "Permitted" to "Producing".:--","a0Qak00000ktCcHEAU","Gas","Producing","Artificial Lift","66955.39","12097.83","8574.49","Bakken","2024-03-19","2024-11-12","2026-06-28","PRD-04","24-572-25396-13"
"a0Qak00000ktCgJEAU","FIELD_CUSTOM_VALIDATION_EXCEPTION:Invalid status transition from "Permitted" to "Producing".:--","a0Qak00000ktCgJEAU","Injection","Producing","Artificial Lift","17837.07","12447.05","10540.53","Spraberry","2024-09-21","2025-05-06","2026-06-09","PRD-03","73-137-26547-17"
"a0Qak00000ktCjDEAU","FIELD_CUSTOM_VALIDATION_EXCEPTION:Invalid status transition from "Permitted" to "Producing".:--","a0Qak00000ktCjDEAU","Injection","Producing","Shut-In","2201.53","6681.66","5077.56","Bone Spring","2025-09-27","2026-05-24","2026-06-03","PRD-03","19-580-44737-18"
"a0Qak00000ktCb8EAE","FIELD_CUSTOM_VALIDATION_EXCEPTION:Invalid status transition from "Permitted" to "Shut-In".:--","a0Qak00000ktCb8EAE","Oil","Shut-In","Artificial Lift","1664.57","11942.79","9984.47","Fayetteville","2019-09-17","2020-03-27","2025-07-15","PRD-08","79-136-90931-19"
"a0Qak00000ktCYrEAM","FIELD_CUSTOM_VALIDATION_EXCEPTION:Invalid status transition from "Permitted" to "Producing".:--","a0Qak00000ktCYrEAM","Oil","Producing","Shut-In","13853.47","19969.11","17200.76","Woodford","2022-06-04","2023-05-24","2026-06-08","PRD-02","66-270-49251-20"
"a0Qak00000ktCh2EAE","FIELD_CUSTOM_VALIDATION_EXCEPTION:Invalid status transition from "Permitted" to "Producing".:--","a0Qak00000ktCh2EAE","Oil","Producing","Artificial Lift","39865.38","11831.35","9159.64","Utica","2025-08-10","2026-01-05","2026-06-16","PRD-05","68-361-97404-22"
"a0Qak00000ktCjFEAU","FIELD_CUSTOM_VALIDATION_EXCEPTION:Invalid status transition from "Permitted" to "Producing".:--","a0Qak00000ktCjFEAU","Injection","Producing","Artificial Lift","1438.16","6826.19","4272.18","Niobrara","2025-07-31","2026-01-30","2026-06-10","PRD-07","98-356-69878-23"
"a0Qak00000ktCelEAE","FIELD_CUSTOM_VALIDATION_EXCEPTION:Invalid status transition from "Permitted" to "Producing".:--","a0Qak00000ktCelEAE","Oil","Producing","Flowing","46408.52","7372.06","5898.92","Utica","2025-02-02","2025-08-02","2026-06-30","PRD-07","45-108-84177-24"
"a0Qak00000ktCgvEAE","FIELD_CUSTOM_VALIDATION_EXCEPTION:Invalid status transition from "Permitted" to "Producing".:--","a0Qak00000ktCgvEAE","Injection","Producing","Artificial Lift","57846.8","13383.37","10972.85","Monterey","2023-09-02","2024-08-27","2026-06-29","PRD-05","66-134-85965-26"
"a0Qak00000ktCWgEAM","FIELD_CUSTOM_VALIDATION_EXCEPTION:Invalid status transition from "Permitted" to "Suspended".:--","a0Qak00000ktCWgEAM","Oil","Suspended","Artificial Lift","2169.96","19554.72","12696.19","Marcellus","2016-04-10","2016-11-29","2026-05-31","PRD-06","21-909-61717-28"
"a0Qak00000ktCY1EAM","FIELD_CUSTOM_VALIDATION_EXCEPTION:Invalid status transition from "Permitted" to "Producing".:--","a0Qak00000ktCY1EAM","Oil","Producing","Shut-In","7094.4","16073.94","13426.87","Utica","2019-04-02","2020-03-23","2026-05-31","PRD-06","23-791-40647-29"
"a0Qak00000ktCWcEAM","FIELD_CUSTOM_VALIDATION_EXCEPTION:Invalid status transition from "Permitted" to "Shut-In".:--","a0Qak00000ktCWcEAM","Oil","Shut-In","Shut-In","14175.95","11936.08","9710.34","Wolfcamp","2022-10-26","2023-10-16","2025-10-06","PRD-05","93-518-25292-30"
"a0Qak00000ktCfVEAU","FIELD_CUSTOM_VALIDATION_EXCEPTION:Invalid status transition from "Permitted" to "Producing".:--","a0Qak00000ktCfVEAU","Gas","Producing","Artificial Lift","72551.9","11549.22","10299.51","Utica","2024-10-18","2025-04-09","2026-06-29","PRD-06","37-554-68287-32"
"a0Qak00000ktCZhEAM","FIELD_CUSTOM_VALIDATION_EXCEPTION:Invalid status transition from "Permitted" to "Shut-In".:--","a0Qak00000ktCZhEAM","Oil","Shut-In","Shut-In","9158.62","8256.29","7227.38","Marcellus","2022-03-19","2023-02-01","2026-02-15","PRD-02","80-312-86858-34"
"a0Qak00000ktCXNEA2","FIELD_CUSTOM_VALIDATION_EXCEPTION:Invalid status transition from "Permitted" to "Producing".:--","a0Qak00000ktCXNEA2","Oil","Producing","Flowing","5264.11","9770.65","8941.96","Bakken","2021-02-07","2021-05-22","2026-06-26","PRD-05","32-212-96646-35"
"a0Qak00000ktCYfEAM","FIELD_CUSTOM_VALIDATION_EXCEPTION:Invalid status transition from "Permitted" to "Suspended".:--","a0Qak00000ktCYfEAM","Oil","Suspended","Artificial Lift","5694.51","17461.18","14075.43","Bakken","2022-02-03","2022-07-18","2026-06-29","PRD-03","63-638-24896-36"
"a0Qak00000ktCWQEA2","FIELD_CUSTOM_VALIDATION_EXCEPTION:Invalid status transition from "Permitted" to "Suspended".:--","a0Qak00000ktCWQEA2","Oil","Suspended","Shut-In","11781.25","14158.86","9035.74","Fayetteville","2021-01-26","2022-01-05","2026-06-29","PRD-05","68-758-14082-37"
"a0Qak00000ktCarEAE","FIELD_CUSTOM_VALIDATION_EXCEPTION:Invalid status transition from "Permitted" to "Producing".:--","a0Qak00000ktCarEAE","Oil","Producing","Shut-In","6323.45","16233.17","12525.42","Monterey","2019-05-05","2019-07-11","2026-06-02","PRD-02","51-722-29442-38"
"a0Qak00000ktCfsEAE","FIELD_CUSTOM_VALIDATION_EXCEPTION:Invalid status transition from "Permitted" to "Producing".:--","a0Qak00000ktCfsEAE","Gas","Producing","Flowing","56149.99","10483.56","7483.32","Utica","2024-06-07","2024-12-04","2026-06-16","PRD-07","22-912-24996-39"
"a0Qak00000ktCXvEAM","FIELD_CUSTOM_VALIDATION_EXCEPTION:Invalid status transition from "Permitted" to "Shut-In".:--","a0Qak00000ktCXvEAM","Oil","Shut-In","Flowing","6500.3","17929.03","13259.51","Bone Spring","2022-11-29","2023-06-07","2025-10-25","PRD-06","95-361-59060-40"
"a0Qak00000ktCcPEAU","FIELD_CUSTOM_VALIDATION_EXCEPTION:Invalid status transition from "Permitted" to "Producing".:--","a0Qak00000ktCcPEAU","Gas","Producing","Flowing","71784.48","14411.3","10780.05","Monterey","2025-10-14","2026-04-09","2026-06-11","PRD-05","55-206-85748-42"
"a0Qak00000ktCgrEAE","FIELD_CUSTOM_VALIDATION_EXCEPTION:Invalid status transition from "Permitted" to "Producing".:--","a0Qak00000ktCgrEAE","Water Disposal","Producing","Artificial Lift","60075.63","5289.53","3679.63","Spraberry","2024-12-28","2025-07-19","2026-06-19","PRD-01","33-990-28776-44"
"a0Qak00000ktCXfEAM","FIELD_CUSTOM_VALIDATION_EXCEPTION:Invalid status transition from "Permitted" to "Producing".:--","a0Qak00000ktCXfEAM","Oil","Producing","Shut-In","14591.25","9101.09","7150.44","Woodford","2019-01-27","2019-10-16","2026-06-20","PRD-03","57-419-52517-45"
"a0Qak00000ktCg9EAE","FIELD_CUSTOM_VALIDATION_EXCEPTION:Invalid status transition from "Permitted" to "Producing".:--","a0Qak00000ktCg9EAE","Oil","Producing","Flowing","48302.51","8451.73","5399.06","Wolfcamp","2023-08-08","2024-07-06","2026-06-15","PRD-05","15-325-61807-47"
"a0Qak00000ktCZ9EAM","FIELD_CUSTOM_VALIDATION_EXCEPTION:Invalid status transition from "Permitted" to "Producing".:--","a0Qak00000ktCZ9EAM","Oil","Producing","Artificial Lift","3562.89","9646.82","6650.82","Niobrara","2023-01-23","2023-02-25","2026-06-15","PRD-07","32-232-59834-48"
"a0Qak00000ktCh8EAE","FIELD_CUSTOM_VALIDATION_EXCEPTION:Invalid status transition from "Permitted" to "Producing".:--","a0Qak00000ktCh8EAE","Water Disposal","Producing","Flowing","51317.03","11680.48","8456.18","Woodford","2025-08-08","2026-04-18","2026-06-30","PRD-08","19-982-51033-49"
"a0Qak00000ktCfIEAU","FIELD_CUSTOM_VALIDATION_EXCEPTION:Invalid status transition from "Permitted" to "Producing".:--","a0Qak00000ktCfIEAU","Gas","Producing","Artificial Lift","42150.11","6151.73","3735.94","Niobrara","2024-12-26","2025-12-07","2026-06-16","PRD-06","21-547-23875-50"
"a0Qak00000ktCdFEAU","FIELD_CUSTOM_VALIDATION_EXCEPTION:Invalid status transition from "Permitted" to "Producing".:--","a0Qak00000ktCdFEAU","Injection","Producing","Flowing","20112.06","13705.24","11800.65","Marcellus","2025-02-28","2025-06-24","2026-06-28","PRD-02","77-622-35415-51"
"a0Qak00000ktCbbEAE","FIELD_CUSTOM_VALIDATION_EXCEPTION:Invalid status transition from "Permitted" to "Producing".:--","a0Qak00000ktCbbEAE","Water Disposal","Producing","Shut-In","56953.79","6476.9","4119.19","Haynesville","2025-07-15","2025-11-10","2026-06-11","PRD-03","93-177-33218-52"
"a0Qak00000ktCWHEA2","FIELD_CUSTOM_VALIDATION_EXCEPTION:Invalid status transition from "Permitted" to "Shut-In".:--","a0Qak00000ktCWHEA2","Oil","Shut-In","Shut-In","8902.29","16173.6","14697.22","Wolfcamp","2016-06-01","2017-05-16","2025-12-17","PRD-06","29-550-18950-53"
"a0Qak00000ktCdJEAU","FIELD_CUSTOM_VALIDATION_EXCEPTION:Invalid status transition from "Permitted" to "Producing".:--","a0Qak00000ktCdJEAU","Oil","Producing","Artificial Lift","66761.43","10914.2","7892.93","Eagle Ford","2024-10-25","2025-07-18","2026-06-16","PRD-01","17-477-47627-54"
"a0Qak00000ktCfLEAU","FIELD_CUSTOM_VALIDATION_EXCEPTION:Invalid status transition from "Permitted" to "Producing".:--","a0Qak00000ktCfLEAU","Gas","Producing","Shut-In","20869.27","10940.8","8036.77","Utica","2024-09-20","2024-11-10","2026-06-16","PRD-04","51-719-72341-55"
"a0Qak00000ktCWTEA2","FIELD_CUSTOM_VALIDATION_EXCEPTION:Invalid status transition from "Permitted" to "Plugged".:--","a0Qak00000ktCWTEA2","Oil","Plugged","Shut-In","12259.02","18048.53","17034.83","Eagle Ford","2017-11-08","2018-11-03","2026-03-04","PRD-01","41-824-67377-56"
"a0Qak00000ktCgnEAE","FIELD_CUSTOM_VALIDATION_EXCEPTION:Invalid status transition from "Permitted" to "Producing".:--","a0Qak00000ktCgnEAE","Injection","Producing","Flowing","40126.67","7519.96","6753.29","Monterey","2024-06-07","2024-09-21","2026-06-20","PRD-02","84-779-28537-58"
"a0Qak00000ktCWLEA2","FIELD_CUSTOM_VALIDATION_EXCEPTION:Invalid status transition from "Permitted" to "Shut-In".:--","a0Qak00000ktCWLEA2","Oil","Shut-In","Flowing","11212.23","16224.97","12724.23","Wolfcamp","2016-04-21","2016-12-23","2025-09-13","PRD-06","12-471-50483-60"
"a0Qak00000ktCYsEAM","FIELD_CUSTOM_VALIDATION_EXCEPTION:Invalid status transition from "Permitted" to "Producing".:--","a0Qak00000ktCYsEAM","Oil","Producing","Artificial Lift","14241.19","13835.25","9398.15","Permian Basin","2022-07-28","2022-10-05","2026-06-21","PRD-02","74-889-80748-61"
"a0Qak00000ktCY9EAM","FIELD_CUSTOM_VALIDATION_EXCEPTION:Invalid status transition from "Permitted" to "Suspended".:--","a0Qak00000ktCY9EAM","Oil","Suspended","Flowing","1047.34","12041.17","10454.24","Permian Basin","2017-03-11","2017-10-19","2026-06-26","PRD-03","33-951-91885-62"
"a0Qak00000ktCjQEAU","FIELD_CUSTOM_VALIDATION_EXCEPTION:Invalid status transition from "Permitted" to "Producing".:--","a0Qak00000ktCjQEAU","Injection","Producing","Flowing","2188.37","5876.01","4916.62","Marcellus","2025-03-31","2026-03-08","2026-06-21","PRD-08","39-646-41348-63"
"a0Qak00000ktCbCEAU","FIELD_CUSTOM_VALIDATION_EXCEPTION:Invalid status transition from "Permitted" to "Plugged".:--","a0Qak00000ktCbCEAU","Oil","Plugged","Flowing","13607.63","10328.19","8648.9","Utica","2018-10-30","2019-07-23","2026-01-07","PRD-07","74-640-64874-64"
"a0Qak00000ktCWYEA2","FIELD_CUSTOM_VALIDATION_EXCEPTION:Invalid status transition from "Permitted" to "Plugged".:--","a0Qak00000ktCWYEA2","Oil","Plugged","Flowing","12118.26","9660.78","6641.8","Wolfcamp","2018-07-04","2019-02-09","2025-08-21","PRD-02","76-971-26341-65"
"a0Qak00000ktCYJEA2","FIELD_CUSTOM_VALIDATION_EXCEPTION:Invalid status transition from "Permitted" to "Producing".:--","a0Qak00000ktCYJEA2","Oil","Producing","Flowing","4455.47","18863.67","12291.04","Woodford","2023-01-29","2023-06-21","2026-06-04","PRD-08","54-127-64381-66"
"a0Qak00000ktCeAEAU","FIELD_CUSTOM_VALIDATION_EXCEPTION:Invalid status transition from "Permitted" to "Producing".:--","a0Qak00000ktCeAEAU","Injection","Producing","Flowing","30325.57","14945.25","10928.26","Bakken","2025-04-20","2025-07-09","2026-06-04","PRD-06","28-240-15020-67"
"a0Qak00000ktCc2EAE","FIELD_CUSTOM_VALIDATION_EXCEPTION:Invalid status transition from "Permitted" to "Producing".:--","a0Qak00000ktCc2EAE","Oil","Producing","Flowing","34574.83","5477.49","4091.35","Spraberry","2023-12-12","2024-09-01","2026-06-28","PRD-02","73-711-80261-69"
"a0Qak00000ktCb3EAE","FIELD_CUSTOM_VALIDATION_EXCEPTION:Invalid status transition from "Permitted" to "Shut-In".:--","a0Qak00000ktCb3EAE","Oil","Shut-In","Shut-In","10918.89","11495.26","6903.45","Niobrara","2020-12-01","2021-10-19","2025-10-30","PRD-03","95-784-21221-70"
"a0Qak00000ktCdDEAU","FIELD_CUSTOM_VALIDATION_EXCEPTION:Invalid status transition from "Permitted" to "Producing".:--","a0Qak00000ktCdDEAU","Injection","Producing","Flowing","76971.24","10440.82","9138.27","Fayetteville","2024-10-01","2024-11-10","2026-06-18","PRD-08","15-750-60709-71"
"a0Qak00000ktCe4EAE","FIELD_CUSTOM_VALIDATION_EXCEPTION:Invalid status transition from "Permitted" to "Producing".:--","a0Qak00000ktCe4EAE","Injection","Producing","Flowing","66253.8","8448.02","7235.98","Wolfcamp","2025-03-24","2026-02-14","2026-06-07","PRD-06","27-145-56176-72"
"a0Qak00000ktCX9EAM","FIELD_CUSTOM_VALIDATION_EXCEPTION:Invalid status transition from "Permitted" to "Suspended".:--","a0Qak00000ktCX9EAM","Oil","Suspended","Flowing","5076.14","11720.91","8666.19","Tuscaloosa","2017-08-30","2018-05-29","2026-06-22","PRD-01","92-295-47501-74"
"a0Qak00000ktCe6EAE","FIELD_CUSTOM_VALIDATION_EXCEPTION:Invalid status transition from "Permitted" to "Producing".:--","a0Qak00000ktCe6EAE","Water Disposal","Producing","Artificial Lift","71276.89","8319.25","5353.99","Niobrara","2024-07-19","2025-03-10","2026-06-07","PRD-08","59-447-34486-75"
"a0Qak00000ktCeWEAU","FIELD_CUSTOM_VALIDATION_EXCEPTION:Invalid status transition from "Permitted" to "Producing".:--","a0Qak00000ktCeWEAU","Oil","Producing","Flowing","66823.91","7667.21","4822.02","Woodford","2025-07-05","2026-03-12","2026-06-11","PRD-03","79-400-52101-76"
"a0Qak00000ktCakEAE","FIELD_CUSTOM_VALIDATION_EXCEPTION:Invalid status transition from "Permitted" to "Producing".:--","a0Qak00000ktCakEAE","Oil","Producing","Shut-In","4944.19","15231.46","11410.51","Bone Spring","2018-12-12","2019-07-09","2026-06-16","PRD-01","55-729-67008-77"
"a0Qak00000ktCXyEAM","FIELD_CUSTOM_VALIDATION_EXCEPTION:Invalid status transition from "Permitted" to "Producing".:--","a0Qak00000ktCXyEAM","Oil","Producing","Abandoned","14244.61","8900.49","7326.25","Niobrara","2018-06-10","2018-09-29","2026-05-31","PRD-01","28-969-89635-78"
"a0Qak00000ktCeXEAU","FIELD_CUSTOM_VALIDATION_EXCEPTION:Invalid status transition from "Permitted" to "Producing".:--","a0Qak00000ktCeXEAU","Injection","Producing","Flowing","23204.95","7359.95","6077.9","Niobrara","2024-06-18","2025-05-04","2026-06-29","PRD-03","96-560-58623-79"
"a0Qak00000ktCa7EAE","FIELD_CUSTOM_VALIDATION_EXCEPTION:Invalid status transition from "Permitted" to "Shut-In".:--","a0Qak00000ktCa7EAE","Oil","Shut-In","Artificial Lift","2496.58","12403.4","8806.85","Haynesville","2021-06-16","2021-09-12","2026-05-18","PRD-03","73-630-60723-80"
"a0Qak00000ktCZ5EAM","FIELD_CUSTOM_VALIDATION_EXCEPTION:Invalid status transition from "Permitted" to "Producing".:--","a0Qak00000ktCZ5EAM","Oil","Producing","Shut-In","14960.3","17726.16","16638.6","Niobrara","2016-06-10","2017-01-03","2026-06-08","PRD-02","80-655-48058-82"
"a0Qak00000ktCadEAE","FIELD_CUSTOM_VALIDATION_EXCEPTION:Invalid status transition from "Permitted" to "Suspended".:--","a0Qak00000ktCadEAE","Oil","Suspended","Flowing","10821.23","19127.89","15745.98","Spraberry","2019-08-26","2020-06-11","2026-06-23","PRD-02","35-911-28202-83"
"a0Qak00000ktCcwEAE","FIELD_CUSTOM_VALIDATION_EXCEPTION:Invalid status transition from "Permitted" to "Producing".:--","a0Qak00000ktCcwEAE","Water Disposal","Producing","Flowing","38458.27","10722.77","8187.82","Fayetteville","2025-02-10","2026-01-19","2026-06-02","PRD-02","18-416-62187-84"
"a0Qak00000ktCYHEA2","FIELD_CUSTOM_VALIDATION_EXCEPTION:Invalid status transition from "Permitted" to "Shut-In".:--","a0Qak00000ktCYHEA2","Oil","Shut-In","Flowing","12438.42","8885.01","8354.87","Wolfcamp","2022-12-15","2023-09-01","2025-10-05","PRD-06","26-999-82260-85"
"a0Qak00000ktCW1EAM","FIELD_CUSTOM_VALIDATION_EXCEPTION:Invalid status transition from "Permitted" to "Shut-In".:--","a0Qak00000ktCW1EAM","Oil","Shut-In","Artificial Lift","14510.84","13191.42","12119.61","Bakken","2022-04-19","2023-02-08","2026-03-14","PRD-05","31-265-52291-86"
"a0Qak00000ktCeYEAU","FIELD_CUSTOM_VALIDATION_EXCEPTION:Invalid status transition from "Permitted" to "Producing".:--","a0Qak00000ktCeYEAU","Water Disposal","Producing","Artificial Lift","42078.14","11389.91","8819.36","Wolfcamp","2024-05-25","2024-11-19","2026-06-10","PRD-05","71-350-99783-89"
"a0Qak00000ktCiiEAE","FIELD_CUSTOM_VALIDATION_EXCEPTION:Invalid status transition from "Permitted" to "Producing".:--","a0Qak00000ktCiiEAE","Injection","Producing","Flowing","1852.7","6931.56","4933.13","Barnett","2025-12-14","2026-05-29","2026-06-16","PRD-04","28-199-16632-91"
"a0Qak00000ktCcCEAU","FIELD_CUSTOM_VALIDATION_EXCEPTION:Invalid status transition from "Permitted" to "Producing".:--","a0Qak00000ktCcCEAU","Water Disposal","Producing","Flowing","72352.07","11542.6","8826.69","Fayetteville","2026-02-27","2026-05-23","2026-06-17","PRD-03","43-844-57943-94"
"a0Qak00000ktCgLEAU","FIELD_CUSTOM_VALIDATION_EXCEPTION:Invalid status transition from "Permitted" to "Producing".:--","a0Qak00000ktCgLEAU","Oil","Producing","Flowing","52068.31","6946.55","5512.98","Eagle Ford","2024-07-17","2025-05-01","2026-06-16","PRD-05","89-796-90090-95"
"a0Qak00000ktCgOEAU","FIELD_CUSTOM_VALIDATION_EXCEPTION:Invalid status transition from "Permitted" to "Producing".:--","a0Qak00000ktCgOEAU","Oil","Producing","Flowing","39257.89","14867.88","11823.55","Niobrara","2025-08-26","2026-01-04","2026-06-11","PRD-07","74-141-15938-96"
"a0Qak00000ktCdnEAE","FIELD_CUSTOM_VALIDATION_EXCEPTION:Invalid status transition from "Permitted" to "Producing".:--","a0Qak00000ktCdnEAE","Injection","Producing","Flowing","45793.37","9569.89","7772.58","Fayetteville","2025-06-25","2026-01-08","2026-06-01","PRD-06","30-502-90805-97"
"a0Qak00000ktCbnEAE","FIELD_CUSTOM_VALIDATION_EXCEPTION:Invalid status transition from "Permitted" to "Producing".:--","a0Qak00000ktCbnEAE","Oil","Producing","Flowing","48131.42","9898.47","7889.31","Barnett","2025-10-08","2026-05-14","2026-06-20","PRD-02","63-697-50327-98"
"a0Qak00000ktCbvEAE","FIELD_CUSTOM_VALIDATION_EXCEPTION:Invalid status transition from "Permitted" to "Producing".:--","a0Qak00000ktCbvEAE","Water Disposal","Producing","Flowing","57613.41","14720.57","11812.76","Marcellus","2025-05-16","2026-04-09","2026-06-15","PRD-03","77-744-91230-99"
"a0Qak00000ktCWOEA2","FIELD_CUSTOM_VALIDATION_EXCEPTION:Invalid status transition from "Permitted" to "Producing".:--","a0Qak00000ktCWOEA2","Oil","Producing","Shut-In","957.77","19378.46","12372.44","Bakken","2019-01-12","2019-07-21","2026-06-17","PRD-03","62-807-36724-100"
"a0Qak00000ktCdoEAE","FIELD_CUSTOM_VALIDATION_EXCEPTION:Invalid status transition from "Permitted" to "Producing".:--","a0Qak00000ktCdoEAE","Water Disposal","Producing","Artificial Lift","74833.86","13728.18","11772.51","Bakken","2025-03-21","2026-01-10","2026-06-24","PRD-06","94-589-78875-101"
"a0Qak00000ktCXJEA2","FIELD_CUSTOM_VALIDATION_EXCEPTION:Invalid status transition from "Permitted" to "Producing".:--","a0Qak00000ktCXJEA2","Oil","Producing","Artificial Lift","13725.8","12107.92","8766.14","Spraberry","2015-11-18","2016-11-11","2026-06-05","PRD-05","88-595-35200-102"
"a0Qak00000ktCaHEAU","FIELD_CUSTOM_VALIDATION_EXCEPTION:Invalid status transition from "Permitted" to "Plugged".:--","a0Qak00000ktCaHEAU","Oil","Plugged","Artificial Lift","4828.24","19297.83","18213.12","Spraberry","2020-11-19","2021-04-04","2025-09-23","PRD-06","71-457-83464-103"
"a0Qak00000ktCW2EAM","FIELD_CUSTOM_VALIDATION_EXCEPTION:Invalid status transition from "Permitted" to "Plugged".:--","a0Qak00000ktCW2EAM","Oil","Plugged","Flowing","4465.13","9462.49","7918.38","Woodford","2019-07-05","2020-01-27","2026-03-18","PRD-05","15-394-20358-104"
"a0Qak00000ktCa9EAE","FIELD_CUSTOM_VALIDATION_EXCEPTION:Invalid status transition from "Permitted" to "Producing".:--","a0Qak00000ktCa9EAE","Oil","Producing","Artificial Lift","4218.44","13748.95","9221.75","Fayetteville","2020-08-03","2021-06-16","2026-06-08","PRD-05","27-211-90698-105"
"a0Qak00000ktCapEAE","FIELD_CUSTOM_VALIDATION_EXCEPTION:Invalid status transition from "Permitted" to "Suspended".:--","a0Qak00000ktCapEAE","Oil","Suspended","Artificial Lift","1236.1","18862.21","12807.16","Marcellus","2023-09-08","2023-11-28","2026-06-17","PRD-06","70-202-99285-106"
"a0Qak00000ktCWhEAM","FIELD_CUSTOM_VALIDATION_EXCEPTION:Invalid status transition from "Permitted" to "Suspended".:--","a0Qak00000ktCWhEAM","Oil","Suspended","Artificial Lift","8480.11","19149.2","14216.7","Monterey","2018-05-31","2019-03-01","2026-06-10","PRD-04","46-428-47409-107"
"a0Qak00000ktCYLEA2","FIELD_CUSTOM_VALIDATION_EXCEPTION:Invalid status transition from "Permitted" to "Producing".:--","a0Qak00000ktCYLEA2","Oil","Producing","Shut-In","13148.21","11473.6","7034.62","Haynesville","2017-03-15","2018-02-16","2026-06-27","PRD-06","46-565-94058-109"
"a0Qak00000ktCZdEAM","FIELD_CUSTOM_VALIDATION_EXCEPTION:Invalid status transition from "Permitted" to "Shut-In".:--","a0Qak00000ktCZdEAM","Oil","Shut-In","Shut-In","14109.13","18212.72","13911.01","Marcellus","2022-09-09","2023-03-27","2026-03-09","PRD-08","92-363-34405-110"
"a0Qak00000ktCZuEAM","FIELD_CUSTOM_VALIDATION_EXCEPTION:Invalid status transition from "Permitted" to "Producing".:--","a0Qak00000ktCZuEAM","Oil","Producing","Artificial Lift","4777.85","16092.81","10743.66","Utica","2016-09-07","2017-05-02","2026-06-04","PRD-07","75-435-21368-111"
"a0Qak00000ktCgsEAE","FIELD_CUSTOM_VALIDATION_EXCEPTION:Invalid status transition from "Permitted" to "Producing".:--","a0Qak00000ktCgsEAE","Oil","Producing","Flowing","78809.54","9774.54","9066.27","Bakken","2025-01-23","2025-09-06","2026-06-23","PRD-08","44-437-49576-112"
"a0Qak00000ktCfDEAU","FIELD_CUSTOM_VALIDATION_EXCEPTION:Invalid status transition from "Permitted" to "Producing".:--","a0Qak00000ktCfDEAU","Gas","Producing","Flowing","77228.43","9781.82","7426.77","Utica","2024-09-14","2025-05-14","2026-06-08","PRD-08","78-921-97044-114"
"a0Qak00000ktChSEAU","FIELD_CUSTOM_VALIDATION_EXCEPTION:Invalid status transition from "Permitted" to "Producing".:--","a0Qak00000ktChSEAU","Gas","Producing","Artificial Lift","2979.07","8511.59","6672.47","Fayetteville","2026-01-19","2026-03-29","2026-06-01","PRD-02","17-948-81781-115"
"a0Qak00000ktCZ8EAM","FIELD_CUSTOM_VALIDATION_EXCEPTION:Invalid status transition from "Permitted" to "Shut-In".:--","a0Qak00000ktCZ8EAM","Oil","Shut-In","Artificial Lift","5257.71","14244.1","9125.97","Marcellus","2017-03-11","2017-12-16","2026-04-15","PRD-08","17-564-27294-116"
"a0Qak00000ktCgzEAE","FIELD_CUSTOM_VALIDATION_EXCEPTION:Invalid status transition from "Permitted" to "Producing".:--","a0Qak00000ktCgzEAE","Oil","Producing","Flowing","18752.89","9623.78","8492.22","Bone Spring","2025-09-19","2026-05-09","2026-06-22","PRD-01","37-692-19572-117"
"a0Qak00000ktCffEAE","FIELD_CUSTOM_VALIDATION_EXCEPTION:Invalid status transition from "Permitted" to "Producing".:--","a0Qak00000ktCffEAE","Water Disposal","Producing","Artificial Lift","50175.63","5602.56","5115.01","Monterey","2024-12-18","2025-02-02","2026-06-21","PRD-07","33-887-27750-118"
"a0Qak00000ktCbfEAE","FIELD_CUSTOM_VALIDATION_EXCEPTION:Invalid status transition from "Permitted" to "Producing".:--","a0Qak00000ktCbfEAE","Water Disposal","Producing","Artificial Lift","44154.91","14171.15","10375.04","Eagle Ford","2023-08-30","2024-07-01","2026-06-26","PRD-06","25-282-80419-119"
"a0Qak00000ktCbcEAE","FIELD_CUSTOM_VALIDATION_EXCEPTION:Invalid status transition from "Permitted" to "Producing".:--","a0Qak00000ktCbcEAE","Injection","Producing","Artificial Lift","29474.86","5034.73","3060.9","Haynesville","2024-04-09","2025-02-11","2026-06-17","PRD-07","39-353-70375-120"
"a0Qak00000ktCg2EAE","FIELD_CUSTOM_VALIDATION_EXCEPTION:Invalid status transition from "Permitted" to "Producing".:--","a0Qak00000ktCg2EAE","Injection","Producing","Flowing","58681.54","13722.12","9408.67","Bakken","2024-08-04","2025-04-15","2026-06-23","PRD-04","17-243-76046-122"
"a0Qak00000ktCf7EAE","FIELD_CUSTOM_VALIDATION_EXCEPTION:Invalid status transition from "Permitted" to "Producing".:--","a0Qak00000ktCf7EAE","Water Disposal","Producing","Shut-In","52447.17","10774.75","9378.22","Tuscaloosa","2025-02-06","2025-07-07","2026-06-21","PRD-03","94-633-38972-123"
"a0Qak00000ktCgeEAE","FIELD_CUSTOM_VALIDATION_EXCEPTION:Invalid status transition from "Permitted" to "Producing".:--","a0Qak00000ktCgeEAE","Water Disposal","Producing","Flowing","76653.82","13797.14","12680.29","Wolfcamp","2023-10-31","2024-07-05","2026-06-13","PRD-08","16-452-94320-124"
"a0Qak00000ktCaZEAU","FIELD_CUSTOM_VALIDATION_EXCEPTION:Invalid status transition from "Permitted" to "Suspended".:--","a0Qak00000ktCaZEAU","Oil","Suspended","Artificial Lift","6536.71","9790.61","7164.39","Spraberry","2017-09-20","2018-06-19","2026-06-23","PRD-04","48-978-28920-125"
"a0Qak00000ktCj7EAE","FIELD_CUSTOM_VALIDATION_EXCEPTION:Invalid status transition from "Permitted" to "Producing".:--","a0Qak00000ktCj7EAE","Water Disposal","Producing","Shut-In","2811.93","9774.5","7771.22","Permian Basin","2025-10-19","2026-03-22","2026-06-22","PRD-04","52-762-20363-126"
"a0Qak00000ktCYhEAM","FIELD_CUSTOM_VALIDATION_EXCEPTION:Invalid status transition from "Permitted" to "Shut-In".:--","a0Qak00000ktCYhEAM","Oil","Shut-In","Flowing","5327.98","19484.24","11795.11","Monterey","2022-02-13","2022-05-14","2025-09-28","PRD-04","99-718-36805-128"
"a0Qak00000ktCdHEAU","FIELD_CUSTOM_VALIDATION_EXCEPTION:Invalid status transition from "Permitted" to "Producing".:--","a0Qak00000ktCdHEAU","Oil","Producing","Flowing","35904.98","7830.59","5976.21","Wolfcamp","2024-11-23","2025-05-29","2026-06-22","PRD-06","75-609-71080-129"
"a0Qak00000ktCWMEA2","FIELD_CUSTOM_VALIDATION_EXCEPTION:Invalid status transition from "Permitted" to "Suspended".:--","a0Qak00000ktCWMEA2","Oil","Suspended","Shut-In","11543.62","11842.8","7947.64","Niobrara","2019-09-17","2019-11-09","2026-06-12","PRD-04","28-116-44180-130"
"a0Qak00000ktCf6EAE","FIELD_CUSTOM_VALIDATION_EXCEPTION:Invalid status transition from "Permitted" to "Producing".:--","a0Qak00000ktCf6EAE","Injection","Producing","Flowing","61800.78","7951.92","5317.19","Marcellus","2024-06-21","2025-05-08","2026-06-04","PRD-04","73-663-95800-131"
"a0Qak00000ktCZSEA2","FIELD_CUSTOM_VALIDATION_EXCEPTION:Invalid status transition from "Permitted" to "Producing".:--","a0Qak00000ktCZSEA2","Oil","Producing","Flowing","14514.37","15700.33","12116.08","Permian Basin","2020-03-25","2020-07-19","2026-06-26","PRD-08","33-655-94123-132"
"a0Qak00000ktCZwEAM","FIELD_CUSTOM_VALIDATION_EXCEPTION:Invalid status transition from "Permitted" to "Producing".:--","a0Qak00000ktCZwEAM","Oil","Producing","Shut-In","5911.41","15414.02","12845.49","Utica","2018-04-25","2019-01-29","2026-06-30","PRD-01","78-664-63914-134"
"a0Qak00000ktCghEAE","FIELD_CUSTOM_VALIDATION_EXCEPTION:Invalid status transition from "Permitted" to "Producing".:--","a0Qak00000ktCghEAE","Gas","Producing","Flowing","32858.15","14774.79","8953.52","Tuscaloosa","2023-11-03","2024-07-10","2026-06-05","PRD-03","23-198-78732-135"
"a0Qak00000ktCe3EAE","FIELD_CUSTOM_VALIDATION_EXCEPTION:Invalid status transition from "Permitted" to "Producing".:--","a0Qak00000ktCe3EAE","Oil","Producing","Artificial Lift","31407.18","8544.41","7503.94","Eagle Ford","2024-09-19","2025-05-14","2026-06-16","PRD-04","99-331-49318-136"
"a0Qak00000ktCgkEAE","FIELD_CUSTOM_VALIDATION_EXCEPTION:Invalid status transition from "Permitted" to "Producing".:--","a0Qak00000ktCgkEAE","Water Disposal","Producing","Artificial Lift","64373.08","5935.01","4348.83","Fayetteville","2024-12-02","2025-01-29","2026-06-10","PRD-01","99-275-20837-137"
"a0Qak00000ktCW3EAM","FIELD_CUSTOM_VALIDATION_EXCEPTION:Invalid status transition from "Permitted" to "Producing".:--","a0Qak00000ktCW3EAM","Oil","Producing","Artificial Lift","13920.98","18791.74","14981.31","Bakken","2021-12-18","2022-06-27","2026-06-30","PRD-04","85-247-62205-139"
"a0Qak00000ktCWAEA2","FIELD_CUSTOM_VALIDATION_EXCEPTION:Invalid status transition from "Permitted" to "Plugged".:--","a0Qak00000ktCWAEA2","Oil","Plugged","Artificial Lift","8677.39","14800.35","13280.43","Wolfcamp","2017-11-21","2018-06-08","2025-11-16","PRD-03","98-841-20279-140"
"a0Qak00000ktCeKEAU","FIELD_CUSTOM_VALIDATION_EXCEPTION:Invalid status transition from "Permitted" to "Producing".:--","a0Qak00000ktCeKEAU","Injection","Producing","Shut-In","18490.27","9370.88","8373.22","Niobrara","2023-10-11","2024-09-19","2026-05-31","PRD-07","51-130-93115-141"
"a0Qak00000ktCW6EAM","FIELD_CUSTOM_VALIDATION_EXCEPTION:Invalid status transition from "Permitted" to "Suspended".:--","a0Qak00000ktCW6EAM","Oil","Suspended","Shut-In","1689.55","9850.65","8364.06","Wolfcamp","2022-02-21","2022-10-08","2026-06-20","PRD-06","23-193-10680-143"
"a0Qak00000ktCZKEA2","FIELD_CUSTOM_VALIDATION_EXCEPTION:Invalid status transition from "Permitted" to "Plugged".:--","a0Qak00000ktCZKEA2","Oil","Plugged","Artificial Lift","11539.52","9226.78","5817.98","Woodford","2018-08-08","2019-06-19","2025-08-20","PRD-07","23-126-21746-144"
"a0Qak00000ktCcpEAE","FIELD_CUSTOM_VALIDATION_EXCEPTION:Invalid status transition from "Permitted" to "Producing".:--","a0Qak00000ktCcpEAE","Gas","Producing","Flowing","53872.85","8244.3","6058.19","Haynesville","2024-08-18","2025-04-03","2026-06-06","PRD-02","81-348-84967-145"
"a0Qak00000ktCaYEAU","FIELD_CUSTOM_VALIDATION_EXCEPTION:Invalid status transition from "Permitted" to "Shut-In".:--","a0Qak00000ktCaYEAU","Oil","Shut-In","Artificial Lift","4399.32","11220.88","7305.66","Permian Basin","2019-02-26","2019-08-16","2025-10-28","PRD-05","71-901-20082-146"
"a0Qak00000ktCh5EAE","FIELD_CUSTOM_VALIDATION_EXCEPTION:Invalid status transition from "Permitted" to "Producing".:--","a0Qak00000ktCh5EAE","Water Disposal","Producing","Shut-In","61858.46","9958.02","8124.09","Barnett","2025-11-04","2026-02-11","2026-06-21","PRD-01","60-440-91289-147"
"a0Qak00000ktCWvEAM","FIELD_CUSTOM_VALIDATION_EXCEPTION:Invalid status transition from "Permitted" to "Suspended".:--","a0Qak00000ktCWvEAM","Oil","Suspended","Artificial Lift","5353.68","17785.71","16021.86","Utica","2022-06-21","2022-12-21","2026-06-20","PRD-04","71-421-33283-148"
"a0Qak00000ktCZ0EAM","FIELD_CUSTOM_VALIDATION_EXCEPTION:Invalid status transition from "Permitted" to "Plugged".:--","a0Qak00000ktCZ0EAM","Oil","Plugged","Abandoned","4726.0","16339.49","12611.68","Utica","2021-03-30","2021-10-12","2025-11-20","PRD-05","60-473-24927-149"
"a0Qak00000ktCiTEAU","FIELD_CUSTOM_VALIDATION_EXCEPTION:Invalid status transition from "Permitted" to "Producing".:--","a0Qak00000ktCiTEAU","Water Disposal","Producing","Flowing","4986.32","4259.49","3700.08","Bakken","2025-10-17","2026-03-03","2026-06-16","PRD-05","98-170-63627-150"
"a0Qak00000ktCgHEAU","FIELD_CUSTOM_VALIDATION_EXCEPTION:Invalid status transition from "Permitted" to "Producing".:--","a0Qak00000ktCgHEAU","Water Disposal","Producing","Flowing","31424.31","6541.43","4893.61","Woodford","2025-07-01","2026-03-17","2026-06-11","PRD-08","84-510-80040-151"
"a0Qak00000ktCbmEAE","FIELD_CUSTOM_VALIDATION_EXCEPTION:Invalid status transition from "Permitted" to "Producing".:--","a0Qak00000ktCbmEAE","Gas","Producing","Artificial Lift","38369.42","13955.02","10995.4","Wolfcamp","2025-12-10","2026-03-05","2026-06-06","PRD-04","94-780-56531-152"
"a0Qak00000ktCbwEAE","FIELD_CUSTOM_VALIDATION_EXCEPTION:Invalid status transition from "Permitted" to "Producing".:--","a0Qak00000ktCbwEAE","Gas","Producing","Flowing","65202.25","10885.9","8438.35","Niobrara","2025-08-02","2026-05-06","2026-06-27","PRD-05","63-187-25213-154"
"a0Qak00000ktCa1EAE","FIELD_CUSTOM_VALIDATION_EXCEPTION:Invalid status transition from "Permitted" to "Producing".:--","a0Qak00000ktCa1EAE","Oil","Producing","Artificial Lift","11871.91","14253.38","10289.59","Eagle Ford","2018-11-14","2019-08-02","2026-06-20","PRD-02","48-145-25084-155"
"a0Qak00000ktCcJEAU","FIELD_CUSTOM_VALIDATION_EXCEPTION:Invalid status transition from "Permitted" to "Producing".:--","a0Qak00000ktCcJEAU","Water Disposal","Producing","Flowing","22108.57","13000.5","12031.61","Bone Spring","2024-12-04","2025-09-24","2026-06-25","PRD-03","52-673-65885-156"
"a0Qak00000ktCZ7EAM","FIELD_CUSTOM_VALIDATION_EXCEPTION:Invalid status transition from "Permitted" to "Producing".:--","a0Qak00000ktCZ7EAM","Oil","Producing","Artificial Lift","3174.55","15685.75","11783.87","Bakken","2017-04-02","2017-08-11","2026-06-16","PRD-07","59-104-38153-157"
"a0Qak00000ktCfZEAU","FIELD_CUSTOM_VALIDATION_EXCEPTION:Invalid status transition from "Permitted" to "Producing".:--","a0Qak00000ktCfZEAU","Injection","Producing","Artificial Lift","67567.44","5625.64","3575.73","Tuscaloosa","2024-07-26","2024-11-28","2026-06-19","PRD-06","35-568-24936-158"
"a0Qak00000ktCiSEAU","FIELD_CUSTOM_VALIDATION_EXCEPTION:Invalid status transition from "Permitted" to "Producing".:--","a0Qak00000ktCiSEAU","Gas","Producing","Artificial Lift","3360.55","5192.3","3548.94","Eagle Ford","2025-10-05","2026-05-14","2026-06-08","PRD-03","75-497-64819-160"
"a0Qak00000ktCXnEAM","FIELD_CUSTOM_VALIDATION_EXCEPTION:Invalid status transition from "Permitted" to "Shut-In".:--","a0Qak00000ktCXnEAM","Oil","Shut-In","Artificial Lift","7556.72","14448.55","13317.32","Monterey","2021-09-11","2022-07-22","2026-03-07","PRD-08","46-243-34523-161"
"a0Qak00000ktCWREA2","FIELD_CUSTOM_VALIDATION_EXCEPTION:Invalid status transition from "Permitted" to "Producing".:--","a0Qak00000ktCWREA2","Oil","Producing","Shut-In","1277.36","12308.47","7426.37","Permian Basin","2021-09-09","2022-04-23","2026-05-31","PRD-08","62-801-74451-162"
"a0Qak00000ktCchEAE","FIELD_CUSTOM_VALIDATION_EXCEPTION:Invalid status transition from "Permitted" to "Producing".:--","a0Qak00000ktCchEAE","Gas","Producing","Artificial Lift","46765.47","5826.71","3558.96","Spraberry","2025-04-22","2025-10-18","2026-06-29","PRD-05","38-650-47836-163"
"a0Qak00000ktCalEAE","FIELD_CUSTOM_VALIDATION_EXCEPTION:Invalid status transition from "Permitted" to "Suspended".:--","a0Qak00000ktCalEAE","Oil","Suspended","Shut-In","11701.94","13943.76","10859.15","Utica","2022-10-05","2023-03-21","2026-06-06","PRD-06","79-942-15453-164"
"a0Qak00000ktCcDEAU","FIELD_CUSTOM_VALIDATION_EXCEPTION:Invalid status transition from "Permitted" to "Producing".:--","a0Qak00000ktCcDEAU","Gas","Producing","Shut-In","65416.06","7369.46","6512.73","Utica","2024-06-29","2025-06-06","2026-06-10","PRD-07","31-730-28249-166"
"a0Qak00000ktCbGEAU","FIELD_CUSTOM_VALIDATION_EXCEPTION:Invalid status transition from "Permitted" to "Shut-In".:--","a0Qak00000ktCbGEAU","Oil","Shut-In","Shut-In","4396.4","12970.7","9834.35","Wolfcamp","2022-10-22","2023-06-15","2025-09-10","PRD-05","98-998-58374-169"
"a0Qak00000ktCiuEAE","FIELD_CUSTOM_VALIDATION_EXCEPTION:Invalid status transition from "Permitted" to "Producing".:--","a0Qak00000ktCiuEAE","Gas","Producing","Artificial Lift","229.71","7383.26","6592.11","Bakken","2026-02-08","2026-05-29","2026-06-16","PRD-08","10-538-36518-172"
"a0Qak00000ktCjXEAU","FIELD_CUSTOM_VALIDATION_EXCEPTION:Invalid status transition from "Permitted" to "Producing".:--","a0Qak00000ktCjXEAU","Injection","Producing","Flowing","4372.12","9136.17","5780.17","Niobrara","2026-02-13","2026-04-26","2026-06-19","PRD-03","16-505-91999-173"
"a0Qak00000ktCWZEA2","FIELD_CUSTOM_VALIDATION_EXCEPTION:Invalid status transition from "Permitted" to "Producing".:--","a0Qak00000ktCWZEA2","Oil","Producing","Artificial Lift","2248.61","18324.08","15445.57","Barnett","2023-04-20","2023-09-14","2026-06-18","PRD-02","23-205-51071-175"
"a0Qak00000ktCYgEAM","FIELD_CUSTOM_VALIDATION_EXCEPTION:Invalid status transition from "Permitted" to "Shut-In".:--","a0Qak00000ktCYgEAM","Oil","Shut-In","Shut-In","9607.16","9816.49","7304.44","Wolfcamp","2019-02-24","2019-07-15","2026-04-17","PRD-02","27-870-26142-177"
"a0Qak00000ktCavEAE","FIELD_CUSTOM_VALIDATION_EXCEPTION:Invalid status transition from "Permitted" to "Shut-In".:--","a0Qak00000ktCavEAE","Oil","Shut-In","Artificial Lift","14467.11","11774.04","7640.65","Haynesville","2017-01-25","2017-04-08","2026-01-24","PRD-05","98-127-96298-178"
"a0Qak00000ktCgUEAU","FIELD_CUSTOM_VALIDATION_EXCEPTION:Invalid status transition from "Permitted" to "Producing".:--","a0Qak00000ktCgUEAU","Oil","Producing","Shut-In","79147.36","14339.24","9265.93","Tuscaloosa","2024-02-24","2024-10-26","2026-06-19","PRD-03","70-888-19567-180"
"a0Qak00000ktCg0EAE","FIELD_CUSTOM_VALIDATION_EXCEPTION:Invalid status transition from "Permitted" to "Producing".:--","a0Qak00000ktCg0EAE","Gas","Producing","Artificial Lift","26416.98","5126.65","3322.19","Bakken","2025-03-06","2025-12-15","2026-05-31","PRD-06","76-629-43980-184"
"a0Qak00000ktCfBEAU","FIELD_CUSTOM_VALIDATION_EXCEPTION:Invalid status transition from "Permitted" to "Producing".:--","a0Qak00000ktCfBEAU","Injection","Producing","Artificial Lift","71774.9","12329.36","7907.06","Monterey","2025-10-12","2026-05-01","2026-06-05","PRD-07","44-636-18371-185"
"a0Qak00000ktCZkEAM","FIELD_CUSTOM_VALIDATION_EXCEPTION:Invalid status transition from "Permitted" to "Suspended".:--","a0Qak00000ktCZkEAM","Oil","Suspended","Shut-In","1617.52","13462.37","9774.26","Barnett","2017-10-29","2018-02-21","2026-06-19","PRD-03","42-891-23487-186"
"a0Qak00000ktCWnEAM","FIELD_CUSTOM_VALIDATION_EXCEPTION:Invalid status transition from "Permitted" to "Suspended".:--","a0Qak00000ktCWnEAM","Oil","Suspended","Shut-In","2172.34","16889.36","10148.8","Tuscaloosa","2023-12-08","2024-05-11","2026-06-29","PRD-08","56-492-29671-187"
"a0Qak00000ktCauEAE","FIELD_CUSTOM_VALIDATION_EXCEPTION:Invalid status transition from "Permitted" to "Producing".:--","a0Qak00000ktCauEAE","Oil","Producing","Abandoned","1012.77","17637.39","14990.15","Wolfcamp","2019-05-27","2019-10-18","2026-06-20","PRD-04","63-837-51934-188"
"a0Qak00000ktCYvEAM","FIELD_CUSTOM_VALIDATION_EXCEPTION:Invalid status transition from "Permitted" to "Suspended".:--","a0Qak00000ktCYvEAM","Oil","Suspended","Artificial Lift","1752.59","13480.95","9829.25","Haynesville","2017-09-01","2018-03-05","2026-06-07","PRD-04","69-477-87554-190"
"a0Qak00000ktCYyEAM","FIELD_CUSTOM_VALIDATION_EXCEPTION:Invalid status transition from "Permitted" to "Plugged".:--","a0Qak00000ktCYyEAM","Oil","Plugged","Abandoned","11750.35","16789.56","13285.51","Spraberry","2021-06-15","2021-09-30","2026-05-28","PRD-07","13-338-80981-191"
"a0Qak00000ktCY6EAM","FIELD_CUSTOM_VALIDATION_EXCEPTION:Invalid status transition from "Permitted" to "Producing".:--","a0Qak00000ktCY6EAM","Oil","Producing","Flowing","13219.38","19411.88","11657.06","Wolfcamp","2019-10-07","2020-04-11","2026-06-27","PRD-04","77-343-65026-192"
"a0Qak00000ktCcOEAU","FIELD_CUSTOM_VALIDATION_EXCEPTION:Invalid status transition from "Permitted" to "Producing".:--","a0Qak00000ktCcOEAU","Oil","Producing","Flowing","79802.35","12116.52","7664.42","Monterey","2024-12-14","2025-10-06","2026-06-17","PRD-06","68-865-21128-193"
"a0Qak00000ktCbSEAU","FIELD_CUSTOM_VALIDATION_EXCEPTION:Invalid status transition from "Permitted" to "Shut-In".:--","a0Qak00000ktCbSEAU","Oil","Shut-In","Shut-In","6218.09","15102.75","9390.87","Wolfcamp","2022-08-14","2023-01-12","2026-01-02","PRD-05","50-920-61505-194"
"a0Qak00000ktCZsEAM","FIELD_CUSTOM_VALIDATION_EXCEPTION:Invalid status transition from "Permitted" to "Suspended".:--","a0Qak00000ktCZsEAM","Oil","Suspended","Shut-In","5111.84","11263.47","7052.52","Marcellus","2022-01-26","2022-12-21","2026-06-27","PRD-03","23-268-68925-195"
"a0Qak00000ktCdmEAE","FIELD_CUSTOM_VALIDATION_EXCEPTION:Invalid status transition from "Permitted" to "Producing".:--","a0Qak00000ktCdmEAE","Injection","Producing","Flowing","49835.1","14646.35","9852.2","Haynesville","2024-08-30","2025-02-11","2026-06-03","PRD-02","21-261-99922-196"
"a0Qak00000ktChMEAU","FIELD_CUSTOM_VALIDATION_EXCEPTION:Invalid status transition from "Permitted" to "Producing".:--","a0Qak00000ktChMEAU","Gas","Producing","Artificial Lift","201.65","8851.47","6326.39","Eagle Ford","2025-09-27","2026-04-27","2026-06-18","PRD-01","96-406-44100-197"
"a0Qak00000ktCd2EAE","FIELD_CUSTOM_VALIDATION_EXCEPTION:Invalid status transition from "Permitted" to "Producing".:--","a0Qak00000ktCd2EAE","Gas","Producing","Flowing","44393.08","12480.78","8579.89","Barnett","2025-11-07","2026-02-16","2026-06-27","PRD-01","17-950-39135-198"
"a0Qak00000ktCeOEAU","FIELD_CUSTOM_VALIDATION_EXCEPTION:Invalid status transition from "Permitted" to "Producing".:--","a0Qak00000ktCeOEAU","Gas","Producing","Flowing","59608.54","14375.75","9048.3","Utica","2025-07-02","2025-09-08","2026-06-30","PRD-02","35-761-68121-199"
"a0Qak00000ktCbNEAU","FIELD_CUSTOM_VALIDATION_EXCEPTION:Invalid status transition from "Permitted" to "Producing".:--","a0Qak00000ktCbNEAU","Oil","Producing","Flowing","12228.86","9470.33","8805.5","Bakken","2021-09-23","2022-08-12","2026-06-17","PRD-07","73-130-60165-200"
"a0Qak00000ktCYGEA2","FIELD_CUSTOM_VALIDATION_EXCEPTION:Invalid status transition from "Permitted" to "Shut-In".:--","a0Qak00000ktCYGEA2","Oil","Shut-In","Artificial Lift","3613.38","10245.81","7151.05","Monterey","2022-09-14","2022-10-31","2025-07-21","PRD-04","92-402-75390-201"
"a0Qak00000ktCcMEAU","FIELD_CUSTOM_VALIDATION_EXCEPTION:Invalid status transition from "Permitted" to "Producing".:--","a0Qak00000ktCcMEAU","Water Disposal","Producing","Flowing","18963.64","7797.76","5053.2","Marcellus","2023-10-17","2024-08-11","2026-06-23","PRD-01","58-900-57069-202"
"a0Qak00000ktCVyEAM","FIELD_CUSTOM_VALIDATION_EXCEPTION:Invalid status transition from "Permitted" to "Shut-In".:--","a0Qak00000ktCVyEAM","Oil","Shut-In","Shut-In","13733.82","14028.72","10324.2","Permian Basin","2023-09-05","2024-03-16","2025-07-30","PRD-04","13-930-46822-203"
"a0Qak00000ktCejEAE","FIELD_CUSTOM_VALIDATION_EXCEPTION:Invalid status transition from "Permitted" to "Producing".:--","a0Qak00000ktCejEAE","Gas","Producing","Shut-In","49413.1","12668.42","12033.25","Permian Basin","2025-09-15","2026-02-18","2026-06-09","PRD-04","44-646-17328-204"
"a0Qak00000ktCYIEA2","FIELD_CUSTOM_VALIDATION_EXCEPTION:Invalid status transition from "Permitted" to "Shut-In".:--","a0Qak00000ktCYIEA2","Oil","Shut-In","Abandoned","6132.13","19222.47","18204.44","Permian Basin","2022-02-09","2022-07-10","2025-08-01","PRD-06","99-467-87537-205"
"a0Qak00000ktCh9EAE","FIELD_CUSTOM_VALIDATION_EXCEPTION:Invalid status transition from "Permitted" to "Producing".:--","a0Qak00000ktCh9EAE","Oil","Producing","Artificial Lift","76591.32","10636.06","8477.88","Marcellus","2024-03-11","2025-01-12","2026-06-21","PRD-03","72-138-21830-206"
"a0Qak00000ktCaMEAU","FIELD_CUSTOM_VALIDATION_EXCEPTION:Invalid status transition from "Permitted" to "Producing".:--","a0Qak00000ktCaMEAU","Oil","Producing","Artificial Lift","8133.5","8008.2","7377.66","Marcellus","2022-06-23","2023-01-13","2026-06-08","PRD-03","51-160-12872-207"
"a0Qak00000ktCbXEAU","FIELD_CUSTOM_VALIDATION_EXCEPTION:Invalid status transition from "Permitted" to "Producing".:--","a0Qak00000ktCbXEAU","Injection","Producing","Artificial Lift","24207.42","6109.21","4790.86","Niobrara","2025-08-09","2026-03-18","2026-06-08","PRD-07","85-203-54113-208"
"a0Qak00000ktCcZEAU","FIELD_CUSTOM_VALIDATION_EXCEPTION:Invalid status transition from "Permitted" to "Producing".:--","a0Qak00000ktCcZEAU","Gas","Producing","Shut-In","62602.88","9368.68","7717.39","Barnett","2024-01-26","2024-08-05","2026-06-25","PRD-06","38-781-87194-209"
"a0Qak00000ktCh4EAE","FIELD_CUSTOM_VALIDATION_EXCEPTION:Invalid status transition from "Permitted" to "Producing".:--","a0Qak00000ktCh4EAE","Gas","Producing","Artificial Lift","34143.62","6777.08","4070.51","Bone Spring","2024-03-06","2024-10-22","2026-06-03","PRD-01","33-716-51709-210"
"a0Qak00000ktCd6EAE","FIELD_CUSTOM_VALIDATION_EXCEPTION:Invalid status transition from "Permitted" to "Producing".:--","a0Qak00000ktCd6EAE","Water Disposal","Producing","Flowing","47252.03","8311.68","5213.35","Niobrara","2025-03-15","2025-07-08","2026-06-10","PRD-02","95-754-54007-211"
"a0Qak00000ktCXoEAM","FIELD_CUSTOM_VALIDATION_EXCEPTION:Invalid status transition from "Permitted" to "Producing".:--","a0Qak00000ktCXoEAM","Oil","Producing","Artificial Lift","10551.05","12205.77","10685.63","Bone Spring","2024-05-02","2024-06-25","2026-06-18","PRD-08","63-270-64266-212"
"a0Qak00000ktCZYEA2","FIELD_CUSTOM_VALIDATION_EXCEPTION:Invalid status transition from "Permitted" to "Shut-In".:--","a0Qak00000ktCZYEA2","Oil","Shut-In","Artificial Lift","8417.35","9217.14","7077.12","Tuscaloosa","2017-01-08","2018-01-06","2026-02-05","PRD-03","67-175-14379-213"
"a0Qak00000ktCXFEA2","FIELD_CUSTOM_VALIDATION_EXCEPTION:Invalid status transition from "Permitted" to "Producing".:--","a0Qak00000ktCXFEA2","Oil","Producing","Artificial Lift","14299.1","8890.4","5863.55","Woodford","2022-07-04","2022-09-10","2026-06-13","PRD-02","53-708-90431-214"
"a0Qak00000ktCXbEAM","FIELD_CUSTOM_VALIDATION_EXCEPTION:Invalid status transition from "Permitted" to "Shut-In".:--","a0Qak00000ktCXbEAM","Oil","Shut-In","Artificial Lift","1890.78","12714.83","10075.0","Barnett","2022-08-14","2022-10-10","2025-11-28","PRD-01","64-189-48607-216"
"a0Qak00000ktCW9EAM","FIELD_CUSTOM_VALIDATION_EXCEPTION:Invalid status transition from "Permitted" to "Suspended".:--","a0Qak00000ktCW9EAM","Oil","Suspended","Shut-In","7464.76","9163.84","6162.07","Wolfcamp","2021-01-11","2021-03-23","2026-06-15","PRD-02","49-903-62096-217"
"a0Qak00000ktCdfEAE","FIELD_CUSTOM_VALIDATION_EXCEPTION:Invalid status transition from "Permitted" to "Producing".:--","a0Qak00000ktCdfEAE","Water Disposal","Producing","Artificial Lift","32225.29","11418.66","8399.96","Niobrara","2024-09-29","2025-05-06","2026-06-25","PRD-08","15-369-67637-218"
"a0Qak00000ktCYnEAM","FIELD_CUSTOM_VALIDATION_EXCEPTION:Invalid status transition from "Permitted" to "Producing".:--","a0Qak00000ktCYnEAM","Oil","Producing","Flowing","8681.58","9813.57","8280.35","Eagle Ford","2022-12-21","2023-07-15","2026-06-05","PRD-07","85-332-82561-219"
"a0Qak00000ktCWWEA2","FIELD_CUSTOM_VALIDATION_EXCEPTION:Invalid status transition from "Permitted" to "Producing".:--","a0Qak00000ktCWWEA2","Oil","Producing","Artificial Lift","8077.44","19587.53","16462.81","Monterey","2018-04-16","2019-03-05","2026-06-02","PRD-04","70-406-20348-220"
"a0Qak00000ktCYkEAM","FIELD_CUSTOM_VALIDATION_EXCEPTION:Invalid status transition from "Permitted" to "Producing".:--","a0Qak00000ktCYkEAM","Oil","Producing","Flowing","1003.56","14854.64","11599.78","Utica","2015-12-13","2016-11-24","2026-06-26","PRD-02","67-277-31910-221"
"a0Qak00000ktCazEAE","FIELD_CUSTOM_VALIDATION_EXCEPTION:Invalid status transition from "Permitted" to "Plugged".:--","a0Qak00000ktCazEAE","Oil","Plugged","Flowing","2329.7","13080.5","12372.82","Woodford","2021-04-09","2022-03-26","2026-03-17","PRD-05","50-844-18783-222"
"a0Qak00000ktCbQEAU","FIELD_CUSTOM_VALIDATION_EXCEPTION:Invalid status transition from "Permitted" to "Producing".:--","a0Qak00000ktCbQEAU","Oil","Producing","Shut-In","8504.79","18279.49","14292.57","Monterey","2023-05-28","2024-05-11","2026-06-12","PRD-07","24-524-29613-223"
"a0Qak00000ktCcnEAE","FIELD_CUSTOM_VALIDATION_EXCEPTION:Invalid status transition from "Permitted" to "Producing".:--","a0Qak00000ktCcnEAE","Water Disposal","Producing","Flowing","64294.53","14396.5","13298.4","Utica","2025-08-25","2026-02-17","2026-06-03","PRD-06","62-370-60206-224"
"a0Qak00000ktCbDEAU","FIELD_CUSTOM_VALIDATION_EXCEPTION:Invalid status transition from "Permitted" to "Shut-In".:--","a0Qak00000ktCbDEAU","Oil","Shut-In","Shut-In","2996.9","12835.69","10478.87","Wolfcamp","2016-01-28","2016-09-19","2026-05-12","PRD-07","52-807-41139-225"
"a0Qak00000ktCfYEAU","FIELD_CUSTOM_VALIDATION_EXCEPTION:Invalid status transition from "Permitted" to "Producing".:--","a0Qak00000ktCfYEAU","Gas","Producing","Flowing","32457.98","8724.41","6266.33","Spraberry","2025-01-17","2025-07-25","2026-06-22","PRD-08","99-801-22873-226"
"a0Qak00000ktCY7EAM","FIELD_CUSTOM_VALIDATION_EXCEPTION:Invalid status transition from "Permitted" to "Producing".:--","a0Qak00000ktCY7EAM","Oil","Producing","Abandoned","6925.1","17909.88","12434.78","Woodford","2016-09-23","2017-09-18","2026-06-28","PRD-04","66-316-63368-227"
"a0Qak00000ktCXGEA2","FIELD_CUSTOM_VALIDATION_EXCEPTION:Invalid status transition from "Permitted" to "Producing".:--","a0Qak00000ktCXGEA2","Oil","Producing","Flowing","3410.54","8691.53","5315.52","Bakken","2020-02-05","2020-06-15","2026-06-22","PRD-06","69-617-62028-229"
"a0Qak00000ktCeREAU","FIELD_CUSTOM_VALIDATION_EXCEPTION:Invalid status transition from "Permitted" to "Producing".:--","a0Qak00000ktCeREAU","Oil","Producing","Flowing","16986.61","8724.67","7048.79","Permian Basin","2024-03-07","2025-01-31","2026-06-13","PRD-06","54-267-43903-230"
"a0Qak00000ktCesEAE","FIELD_CUSTOM_VALIDATION_EXCEPTION:Invalid status transition from "Permitted" to "Producing".:--","a0Qak00000ktCesEAE","Oil","Producing","Flowing","25588.98","10722.58","10054.79","Tuscaloosa","2024-10-21","2025-10-17","2026-06-23","PRD-04","44-767-63674-231"
"a0Qak00000ktCjPEAU","FIELD_CUSTOM_VALIDATION_EXCEPTION:Invalid status transition from "Permitted" to "Producing".:--","a0Qak00000ktCjPEAU","Injection","Producing","Shut-In","3411.0","6318.68","4083.83","Permian Basin","2025-12-24","2026-01-27","2026-06-23","PRD-05","87-924-50037-232"
"a0Qak00000ktCgpEAE","FIELD_CUSTOM_VALIDATION_EXCEPTION:Invalid status transition from "Permitted" to "Producing".:--","a0Qak00000ktCgpEAE","Injection","Producing","Flowing","37666.1","7519.99","5740.34","Wolfcamp","2023-12-31","2024-12-14","2026-06-18","PRD-02","10-623-96816-233"
"a0Qak00000ktCaDEAU","FIELD_CUSTOM_VALIDATION_EXCEPTION:Invalid status transition from "Permitted" to "Producing".:--","a0Qak00000ktCaDEAU","Oil","Producing","Shut-In","3984.38","8681.3","7813.69","Spraberry","2017-02-14","2017-10-08","2026-06-09","PRD-06","97-243-13336-235"
"a0Qak00000ktCWsEAM","FIELD_CUSTOM_VALIDATION_EXCEPTION:Invalid status transition from "Permitted" to "Plugged".:--","a0Qak00000ktCWsEAM","Oil","Plugged","Shut-In","7856.07","18145.03","16225.71","Monterey","2017-11-26","2018-03-28","2026-01-01","PRD-02","70-231-43902-237"
"a0Qak00000ktCbAEAU","FIELD_CUSTOM_VALIDATION_EXCEPTION:Invalid status transition from "Permitted" to "Suspended".:--","a0Qak00000ktCbAEAU","Oil","Suspended","Shut-In","13733.06","19363.08","17714.45","Wolfcamp","2023-02-08","2023-07-01","2026-06-19","PRD-04","49-530-53426-238"
"a0Qak00000ktCh0EAE","FIELD_CUSTOM_VALIDATION_EXCEPTION:Invalid status transition from "Permitted" to "Producing".:--","a0Qak00000ktCh0EAE","Oil","Producing","Flowing","45144.44","6177.81","3822.75","Wolfcamp","2023-11-19","2024-10-11","2026-05-31","PRD-02","70-299-75598-239"
"a0Qak00000ktCZ6EAM","FIELD_CUSTOM_VALIDATION_EXCEPTION:Invalid status transition from "Permitted" to "Shut-In".:--","a0Qak00000ktCZ6EAM","Oil","Shut-In","Shut-In","3063.95","15613.99","9394.15","Haynesville","2021-10-31","2022-02-24","2025-08-09","PRD-03","72-904-21539-241"
"a0Qak00000ktCeSEAU","FIELD_CUSTOM_VALIDATION_EXCEPTION:Invalid status transition from "Permitted" to "Producing".:--","a0Qak00000ktCeSEAU","Injection","Producing","Flowing","62684.21","7262.66","6586.83","Haynesville","2025-10-29","2026-01-19","2026-06-18","PRD-05","31-166-15992-243"
"a0Qak00000ktCi2EAE","FIELD_CUSTOM_VALIDATION_EXCEPTION:Invalid status transition from "Permitted" to "Producing".:--","a0Qak00000ktCi2EAE","Gas","Producing","Artificial Lift","2601.44","6668.82","5013.5","Wolfcamp","2025-11-02","2026-05-26","2026-06-02","PRD-08","55-868-34697-244"
"a0Qak00000ktCayEAE","FIELD_CUSTOM_VALIDATION_EXCEPTION:Invalid status transition from "Permitted" to "Plugged".:--","a0Qak00000ktCayEAE","Oil","Plugged","Flowing","6349.18","10741.02","9178.3","Permian Basin","2022-01-06","2022-02-16","2025-08-03","PRD-03","25-475-95267-245"
"a0Qak00000ktCYzEAM","FIELD_CUSTOM_VALIDATION_EXCEPTION:Invalid status transition from "Permitted" to "Shut-In".:--","a0Qak00000ktCYzEAM","Oil","Shut-In","Artificial Lift","4164.71","16422.42","11034.61","Wolfcamp","2017-05-03","2017-06-06","2025-12-28","PRD-07","94-203-96832-247"
"a0Qak00000ktCczEAE","FIELD_CUSTOM_VALIDATION_EXCEPTION:Invalid status transition from "Permitted" to "Producing".:--","a0Qak00000ktCczEAE","Gas","Producing","Artificial Lift","60547.21","9188.26","8402.83","Fayetteville","2024-06-08","2024-09-06","2026-06-21","PRD-02","23-609-36037-248"
"a0Qak00000ktCeDEAU","FIELD_CUSTOM_VALIDATION_EXCEPTION:Invalid status transition from "Permitted" to "Producing".:--","a0Qak00000ktCeDEAU","Water Disposal","Producing","Artificial Lift","73947.2","13352.32","11137.94","Permian Basin","2025-05-13","2026-02-28","2026-06-28","PRD-02","42-759-40298-250"
"a0Qak00000ktCanEAE","FIELD_CUSTOM_VALIDATION_EXCEPTION:Invalid status transition from "Permitted" to "Plugged".:--","a0Qak00000ktCanEAE","Oil","Plugged","Artificial Lift","7232.02","9197.71","6081.03","Bakken","2020-08-26","2021-03-28","2025-12-22","PRD-07","24-197-16014-251"
"a0Qak00000ktCeTEAU","FIELD_CUSTOM_VALIDATION_EXCEPTION:Invalid status transition from "Permitted" to "Producing".:--","a0Qak00000ktCeTEAU","Water Disposal","Producing","Flowing","57067.91","8286.61","7566.38","Utica","2025-06-14","2025-08-30","2026-06-19","PRD-06","33-216-62530-252"
"a0Qak00000ktCZaEAM","FIELD_CUSTOM_VALIDATION_EXCEPTION:Invalid status transition from "Permitted" to "Producing".:--","a0Qak00000ktCZaEAM","Oil","Producing","Flowing","7498.79","14827.32","11170.27","Utica","2019-08-28","2020-03-28","2026-06-11","PRD-01","97-958-27125-254"
"a0Qak00000ktCfCEAU","FIELD_CUSTOM_VALIDATION_EXCEPTION:Invalid status transition from "Permitted" to "Producing".:--","a0Qak00000ktCfCEAU","Water Disposal","Producing","Artificial Lift","46325.43","11637.11","9594.7","Permian Basin","2023-11-29","2024-11-06","2026-06-29","PRD-01","92-260-76265-256"
"a0Qak00000ktCaiEAE","FIELD_CUSTOM_VALIDATION_EXCEPTION:Invalid status transition from "Permitted" to "Suspended".:--","a0Qak00000ktCaiEAE","Oil","Suspended","Flowing","1585.55","13899.78","9511.79","Haynesville","2023-02-21","2023-12-07","2026-06-23","PRD-07","61-936-40801-257"
"a0Qak00000ktCYVEA2","FIELD_CUSTOM_VALIDATION_EXCEPTION:Invalid status transition from "Permitted" to "Producing".:--","a0Qak00000ktCYVEA2","Oil","Producing","Artificial Lift","8809.01","9056.24","7013.69","Niobrara","2022-05-22","2023-03-02","2026-06-07","PRD-01","23-513-64046-258"
"a0Qak00000ktCbIEAU","FIELD_CUSTOM_VALIDATION_EXCEPTION:Invalid status transition from "Permitted" to "Producing".:--","a0Qak00000ktCbIEAU","Oil","Producing","Shut-In","12475.68","17501.4","16400.74","Wolfcamp","2020-04-15","2021-01-30","2026-06-13","PRD-04","93-787-69796-259"
"a0Qak00000ktCisEAE","FIELD_CUSTOM_VALIDATION_EXCEPTION:Invalid status transition from "Permitted" to "Producing".:--","a0Qak00000ktCisEAE","Gas","Producing","Flowing","271.38","4560.43","3461.64","Fayetteville","2025-02-19","2026-01-22","2026-06-15","PRD-06","67-216-22771-260"
"a0Qak00000ktCckEAE","FIELD_CUSTOM_VALIDATION_EXCEPTION:Invalid status transition from "Permitted" to "Producing".:--","a0Qak00000ktCckEAE","Oil","Producing","Flowing","56187.98","12999.13","10291.3","Niobrara","2025-12-21","2026-02-12","2026-06-02","PRD-03","73-243-63636-261"
"a0Qak00000ktCedEAE","FIELD_CUSTOM_VALIDATION_EXCEPTION:Invalid status transition from "Permitted" to "Producing".:--","a0Qak00000ktCedEAE","Oil","Producing","Flowing","22848.48","13521.94","9133.48","Tuscaloosa","2025-04-28","2025-11-17","2026-06-27","PRD-07","15-748-98098-262"
"a0Qak00000ktCjYEAU","FIELD_CUSTOM_VALIDATION_EXCEPTION:Invalid status transition from "Permitted" to "Producing".:--","a0Qak00000ktCjYEAU","Gas","Producing","Artificial Lift","4550.91","7842.72","5182.29","Tuscaloosa","2026-03-06","2026-05-28","2026-06-18","PRD-06","74-493-64875-264"
"a0Qak00000ktCZiEAM","FIELD_CUSTOM_VALIDATION_EXCEPTION:Invalid status transition from "Permitted" to "Producing".:--","a0Qak00000ktCZiEAM","Oil","Producing","Abandoned","14572.13","13434.15","8687.6","Woodford","2016-12-10","2017-09-28","2026-06-21","PRD-06","80-747-38487-265"
"a0Qak00000ktCaAEAU","FIELD_CUSTOM_VALIDATION_EXCEPTION:Invalid status transition from "Permitted" to "Producing".:--","a0Qak00000ktCaAEAU","Oil","Producing","Shut-In","4713.4","12143.52","10143.86","Bone Spring","2016-11-16","2017-03-17","2026-06-14","PRD-06","24-879-56168-266"
"a0Qak00000ktCcIEAU","FIELD_CUSTOM_VALIDATION_EXCEPTION:Invalid status transition from "Permitted" to "Producing".:--","a0Qak00000ktCcIEAU","Oil","Producing","Flowing","76273.79","12101.24","10116.46","Monterey","2024-06-08","2024-12-01","2026-06-02","PRD-07","11-635-23955-267"
"a0Qak00000ktChgEAE","FIELD_CUSTOM_VALIDATION_EXCEPTION:Invalid status transition from "Permitted" to "Producing".:--","a0Qak00000ktChgEAE","Oil","Producing","Flowing","4070.13","3717.36","3359.8","Bone Spring","2025-09-15","2026-02-06","2026-06-07","PRD-07","40-623-47701-269"
"a0Qak00000ktChbEAE","FIELD_CUSTOM_VALIDATION_EXCEPTION:Invalid status transition from "Permitted" to "Producing".:--","a0Qak00000ktChbEAE","Gas","Producing","Flowing","4783.51","9830.76","6974.23","Fayetteville","2026-05-11","2026-06-16","2026-06-07","PRD-05","35-735-68073-270"
"a0Qak00000ktCfAEAU","FIELD_CUSTOM_VALIDATION_EXCEPTION:Invalid status transition from "Permitted" to "Producing".:--","a0Qak00000ktCfAEAU","Gas","Producing","Flowing","48400.05","8771.98","6578.79","Fayetteville","2025-05-30","2025-09-03","2026-06-25","PRD-05","10-438-71122-272"
"a0Qak00000ktCXtEAM","FIELD_CUSTOM_VALIDATION_EXCEPTION:Invalid status transition from "Permitted" to "Producing".:--","a0Qak00000ktCXtEAM","Oil","Producing","Flowing","9154.76","17283.93","14153.44","Tuscaloosa","2016-07-27","2017-01-27","2026-06-15","PRD-06","19-902-51662-273"
"a0Qak00000ktCfSEAU","FIELD_CUSTOM_VALIDATION_EXCEPTION:Invalid status transition from "Permitted" to "Producing".:--","a0Qak00000ktCfSEAU","Injection","Producing","Shut-In","48839.41","12862.58","8435.02","Fayetteville","2024-04-06","2024-11-28","2026-06-28","PRD-06","38-318-96944-274"
"a0Qak00000ktCg1EAE","FIELD_CUSTOM_VALIDATION_EXCEPTION:Invalid status transition from "Permitted" to "Producing".:--","a0Qak00000ktCg1EAE","Gas","Producing","Flowing","76770.04","11182.81","8568.27","Fayetteville","2024-07-02","2024-08-05","2026-06-27","PRD-06","67-346-94182-275"
"a0Qak00000ktCfUEAU","FIELD_CUSTOM_VALIDATION_EXCEPTION:Invalid status transition from "Permitted" to "Producing".:--","a0Qak00000ktCfUEAU","Gas","Producing","Flowing","57349.33","8203.13","5158.3","Eagle Ford","2025-02-09","2025-12-11","2026-06-13","PRD-01","90-167-37627-277"
"a0Qak00000ktCZJEA2","FIELD_CUSTOM_VALIDATION_EXCEPTION:Invalid status transition from "Permitted" to "Suspended".:--","a0Qak00000ktCZJEA2","Oil","Suspended","Artificial Lift","2006.94","14453.05","12226.7","Bone Spring","2018-08-18","2019-08-14","2026-06-04","PRD-02","97-257-13113-278"
"a0Qak00000ktCdrEAE","FIELD_CUSTOM_VALIDATION_EXCEPTION:Invalid status transition from "Permitted" to "Producing".:--","a0Qak00000ktCdrEAE","Gas","Producing","Flowing","40414.52","12974.85","10263.15","Wolfcamp","2025-07-06","2026-01-04","2026-06-09","PRD-06","11-666-82754-282"
"a0Qak00000ktCWGEA2","FIELD_CUSTOM_VALIDATION_EXCEPTION:Invalid status transition from "Permitted" to "Producing".:--","a0Qak00000ktCWGEA2","Oil","Producing","Artificial Lift","9151.5","14445.82","13455.45","Haynesville","2021-07-30","2022-02-21","2026-06-24","PRD-07","92-971-77181-283"
"a0Qak00000ktCXWEA2","FIELD_CUSTOM_VALIDATION_EXCEPTION:Invalid status transition from "Permitted" to "Producing".:--","a0Qak00000ktCXWEA2","Oil","Producing","Shut-In","9436.97","11668.11","9386.52","Utica","2017-07-20","2018-02-21","2026-06-05","PRD-06","64-272-10633-286"
"a0Qak00000ktCXkEAM","FIELD_CUSTOM_VALIDATION_EXCEPTION:Invalid status transition from "Permitted" to "Producing".:--","a0Qak00000ktCXkEAM","Oil","Producing","Flowing","10826.89","15690.06","10933.43","Niobrara","2022-06-12","2022-12-28","2026-06-02","PRD-08","69-556-57020-287"
"a0Qak00000ktCXpEAM","FIELD_CUSTOM_VALIDATION_EXCEPTION:Invalid status transition from "Permitted" to "Suspended".:--","a0Qak00000ktCXpEAM","Oil","Suspended","Shut-In","12283.31","14946.81","12992.07","Marcellus","2023-03-26","2024-02-01","2026-06-22","PRD-08","93-893-29481-289"
"a0Qak00000ktCdXEAU","FIELD_CUSTOM_VALIDATION_EXCEPTION:Invalid status transition from "Permitted" to "Producing".:--","a0Qak00000ktCdXEAU","Gas","Producing","Flowing","65189.41","12332.27","8655.4","Barnett","2024-03-18","2025-01-03","2026-06-28","PRD-07","56-614-11388-290"
"a0Qak00000ktCYeEAM","FIELD_CUSTOM_VALIDATION_EXCEPTION:Invalid status transition from "Permitted" to "Suspended".:--","a0Qak00000ktCYeEAM","Oil","Suspended","Flowing","9403.52","9990.12","7791.77","Barnett","2022-05-19","2022-09-17","2026-06-12","PRD-03","71-467-15297-291"
"a0Qak00000ktCa8EAE","FIELD_CUSTOM_VALIDATION_EXCEPTION:Invalid status transition from "Permitted" to "Producing".:--","a0Qak00000ktCa8EAE","Oil","Producing","Shut-In","1411.49","12433.22","7646.22","Marcellus","2018-02-07","2018-09-09","2026-06-18","PRD-08","68-147-15230-292"
"a0Qak00000ktCWaEAM","FIELD_CUSTOM_VALIDATION_EXCEPTION:Invalid status transition from "Permitted" to "Shut-In".:--","a0Qak00000ktCWaEAM","Oil","Shut-In","Flowing","1628.64","11019.04","10362.7","Marcellus","2018-01-21","2018-09-15","2025-12-02","PRD-06","72-911-73191-294"
"a0Qak00000ktCXHEA2","FIELD_CUSTOM_VALIDATION_EXCEPTION:Invalid status transition from "Permitted" to "Suspended".:--","a0Qak00000ktCXHEA2","Oil","Suspended","Artificial Lift","13289.5","13278.78","9036.17","Fayetteville","2016-10-22","2017-04-13","2026-06-24","PRD-03","33-261-57477-295"
"a0Qak00000ktCezEAE","FIELD_CUSTOM_VALIDATION_EXCEPTION:Invalid status transition from "Permitted" to "Producing".:--","a0Qak00000ktCezEAE","Water Disposal","Producing","Artificial Lift","57972.13","9146.14","6544.78","Eagle Ford","2024-04-23","2025-01-23","2026-06-15","PRD-04","85-265-94837-296"
"a0Qak00000ktCe0EAE","FIELD_CUSTOM_VALIDATION_EXCEPTION:Invalid status transition from "Permitted" to "Producing".:--","a0Qak00000ktCe0EAE","Water Disposal","Producing","Flowing","16210.3","12195.47","10141.88","Haynesville","2025-10-16","2026-03-05","2026-06-16","PRD-08","71-274-38752-298"
"a0Qak00000ktCgwEAE","FIELD_CUSTOM_VALIDATION_EXCEPTION:Invalid status transition from "Permitted" to "Producing".:--","a0Qak00000ktCgwEAE","Gas","Producing","Artificial Lift","68329.46","6818.84","5665.62","Haynesville","2025-05-20","2025-12-11","2026-06-01","PRD-08","86-704-19023-299"
"a0Qak00000ktCcuEAE","FIELD_CUSTOM_VALIDATION_EXCEPTION:Invalid status transition from "Permitted" to "Producing".:--","a0Qak00000ktCcuEAE","Oil","Producing","Flowing","16076.57","10227.11","9391.24","Wolfcamp","2024-12-12","2025-03-28","2026-06-11","PRD-02","32-587-90576-300"
"a0Qak00000ktCiNEAU","FIELD_CUSTOM_VALIDATION_EXCEPTION:Invalid status transition from "Permitted" to "Producing".:--","a0Qak00000ktCiNEAU","Water Disposal","Producing","Artificial Lift","3761.92","3652.33","3034.31","Monterey","2025-03-26","2026-01-26","2026-06-04","PRD-01","96-764-66557-301"
"a0Qak00000ktCYXEA2","FIELD_CUSTOM_VALIDATION_EXCEPTION:Invalid status transition from "Permitted" to "Producing".:--","a0Qak00000ktCYXEA2","Oil","Producing","Artificial Lift","8182.34","10753.84","9472.04","Spraberry","2019-08-26","2020-03-22","2026-06-12","PRD-02","64-237-43360-302"
"a0Qak00000ktCgZEAU","FIELD_CUSTOM_VALIDATION_EXCEPTION:Invalid status transition from "Permitted" to "Producing".:--","a0Qak00000ktCgZEAU","Injection","Producing","Flowing","67278.66","9088.45","5792.11","Woodford","2023-09-08","2024-08-02","2026-06-22","PRD-05","78-533-84012-304"
"a0Qak00000ktCcWEAU","FIELD_CUSTOM_VALIDATION_EXCEPTION:Invalid status transition from "Permitted" to "Producing".:--","a0Qak00000ktCcWEAU","Injection","Producing","Shut-In","40834.52","7036.94","5581.96","Fayetteville","2024-09-23","2025-01-22","2026-06-19","PRD-08","42-414-85713-305"
"a0Qak00000ktChaEAE","FIELD_CUSTOM_VALIDATION_EXCEPTION:Invalid status transition from "Permitted" to "Producing".:--","a0Qak00000ktChaEAE","Oil","Producing","Flowing","690.34","9046.81","5805.16","Marcellus","2025-11-15","2026-03-07","2026-06-27","PRD-04","75-510-54359-306"
"a0Qak00000ktCYOEA2","FIELD_CUSTOM_VALIDATION_EXCEPTION:Invalid status transition from "Permitted" to "Producing".:--","a0Qak00000ktCYOEA2","Oil","Producing","Abandoned","576.71","9093.06","5918.35","Monterey","2017-01-28","2017-10-07","2026-06-28","PRD-02","43-327-58606-307"
"a0Qak00000ktCbJEAU","FIELD_CUSTOM_VALIDATION_EXCEPTION:Invalid status transition from "Permitted" to "Producing".:--","a0Qak00000ktCbJEAU","Oil","Producing","Artificial Lift","6072.73","19813.38","16145.68","Fayetteville","2020-05-14","2021-04-14","2026-06-29","PRD-03","91-606-67536-308"
"a0Qak00000ktCaPEAU","FIELD_CUSTOM_VALIDATION_EXCEPTION:Invalid status transition from "Permitted" to "Producing".:--","a0Qak00000ktCaPEAU","Oil","Producing","Flowing","13996.0","14217.84","9499.81","Spraberry","2016-12-23","2017-10-10","2026-06-14","PRD-04","88-273-98345-309"
"a0Qak00000ktCZEEA2","FIELD_CUSTOM_VALIDATION_EXCEPTION:Invalid status transition from "Permitted" to "Producing".:--","a0Qak00000ktCZEEA2","Oil","Producing","Artificial Lift","504.17","9889.34","9383.86","Spraberry","2019-06-11","2020-01-07","2026-06-09","PRD-07","61-700-36255-310"
"a0Qak00000ktCgIEAU","FIELD_CUSTOM_VALIDATION_EXCEPTION:Invalid status transition from "Permitted" to "Producing".:--","a0Qak00000ktCgIEAU","Gas","Producing","Artificial Lift","19460.12","5901.66","4128.64","Tuscaloosa","2023-12-13","2024-11-05","2026-06-19","PRD-06","45-331-89477-311"
"a0Qak00000ktCaaEAE","FIELD_CUSTOM_VALIDATION_EXCEPTION:Invalid status transition from "Permitted" to "Shut-In".:--","a0Qak00000ktCaaEAE","Oil","Shut-In","Artificial Lift","567.45","10100.42","7849.88","Fayetteville","2022-11-25","2023-09-08","2026-01-01","PRD-06","24-922-77277-312"
"a0Qak00000ktCjNEAU","FIELD_CUSTOM_VALIDATION_EXCEPTION:Invalid status transition from "Permitted" to "Producing".:--","a0Qak00000ktCjNEAU","Water Disposal","Producing","Shut-In","4065.74","7024.26","5921.22","Woodford","2025-05-04","2026-02-05","2026-06-06","PRD-04","53-894-70142-313"
"a0Qak00000ktCjSEAU","FIELD_CUSTOM_VALIDATION_EXCEPTION:Invalid status transition from "Permitted" to "Producing".:--","a0Qak00000ktCjSEAU","Oil","Producing","Shut-In","2409.85","4804.74","3526.37","Spraberry","2025-12-08","2026-05-04","2026-06-05","PRD-06","62-461-77699-314"
"a0Qak00000ktCZMEA2","FIELD_CUSTOM_VALIDATION_EXCEPTION:Invalid status transition from "Permitted" to "Suspended".:--","a0Qak00000ktCZMEA2","Oil","Suspended","Artificial Lift","4665.7","12787.17","11023.51","Niobrara","2022-10-15","2023-08-24","2026-06-01","PRD-03","70-421-56338-315"
"a0Qak00000ktCdQEAU","FIELD_CUSTOM_VALIDATION_EXCEPTION:Invalid status transition from "Permitted" to "Producing".:--","a0Qak00000ktCdQEAU","Gas","Producing","Flowing","79048.49","13970.0","12629.85","Barnett","2025-02-07","2025-11-25","2026-06-22","PRD-07","38-868-85584-318"
"a0Qak00000ktCYKEA2","FIELD_CUSTOM_VALIDATION_EXCEPTION:Invalid status transition from "Permitted" to "Producing".:--","a0Qak00000ktCYKEA2","Oil","Producing","Flowing","7435.64","14489.22","11241.7","Woodford","2016-06-22","2016-10-19","2026-06-16","PRD-02","99-630-70302-319"
"a0Qak00000ktCZDEA2","FIELD_CUSTOM_VALIDATION_EXCEPTION:Invalid status transition from "Permitted" to "Producing".:--","a0Qak00000ktCZDEA2","Oil","Producing","Artificial Lift","10274.49","12553.14","7974.53","Niobrara","2017-03-08","2017-08-17","2026-06-25","PRD-05","40-375-71780-320"
"a0Qak00000ktCi0EAE","FIELD_CUSTOM_VALIDATION_EXCEPTION:Invalid status transition from "Permitted" to "Producing".:--","a0Qak00000ktCi0EAE","Gas","Producing","Flowing","919.57","5967.6","4455.9","Spraberry","2025-08-22","2026-03-26","2026-06-03","PRD-07","45-561-33578-321"
"a0Qak00000ktCdzEAE","FIELD_CUSTOM_VALIDATION_EXCEPTION:Invalid status transition from "Permitted" to "Producing".:--","a0Qak00000ktCdzEAE","Injection","Producing","Artificial Lift","18902.36","13138.18","10074.21","Wolfcamp","2025-06-07","2026-02-22","2026-06-07","PRD-06","43-469-57226-324"
"a0Qak00000ktCdwEAE","FIELD_CUSTOM_VALIDATION_EXCEPTION:Invalid status transition from "Permitted" to "Producing".:--","a0Qak00000ktCdwEAE","Water Disposal","Producing","Flowing","37820.88","11795.86","9577.67","Utica","2023-10-23","2024-10-19","2026-06-10","PRD-03","46-463-52610-325"
"a0Qak00000ktCWuEAM","FIELD_CUSTOM_VALIDATION_EXCEPTION:Invalid status transition from "Permitted" to "Suspended".:--","a0Qak00000ktCWuEAM","Oil","Suspended","Artificial Lift","1636.91","15363.97","11712.16","Permian Basin","2021-08-22","2022-08-14","2026-06-05","PRD-06","63-746-90256-326"
"a0Qak00000ktCewEAE","FIELD_CUSTOM_VALIDATION_EXCEPTION:Invalid status transition from "Permitted" to "Producing".:--","a0Qak00000ktCewEAE","Injection","Producing","Artificial Lift","19637.37","6619.99","4500.77","Niobrara","2024-02-04","2024-08-01","2026-06-08","PRD-05","87-760-61833-327"
"a0Qak00000ktCdKEAU","FIELD_CUSTOM_VALIDATION_EXCEPTION:Invalid status transition from "Permitted" to "Producing".:--","a0Qak00000ktCdKEAU","Oil","Producing","Artificial Lift","20480.23","14315.9","10542.89","Marcellus","2025-03-29","2025-09-20","2026-06-16","PRD-03","26-639-32361-330"
"a0Qak00000ktCceEAE","FIELD_CUSTOM_VALIDATION_EXCEPTION:Invalid status transition from "Permitted" to "Producing".:--","a0Qak00000ktCceEAE","Gas","Producing","Flowing","74492.71","13642.41","10416.22","Tuscaloosa","2024-06-08","2024-11-24","2026-06-13","PRD-08","27-814-80685-331"
"a0Qak00000ktCcaEAE","FIELD_CUSTOM_VALIDATION_EXCEPTION:Invalid status transition from "Permitted" to "Producing".:--","a0Qak00000ktCcaEAE","Oil","Producing","Flowing","63679.25","13772.94","10360.59","Wolfcamp","2023-10-17","2024-08-15","2026-06-21","PRD-06","71-652-39770-332"
"a0Qak00000ktCf4EAE","FIELD_CUSTOM_VALIDATION_EXCEPTION:Invalid status transition from "Permitted" to "Producing".:--","a0Qak00000ktCf4EAE","Water Disposal","Producing","Flowing","31887.46","8035.73","4821.7","Tuscaloosa","2025-06-20","2026-01-12","2026-06-21","PRD-08","78-108-74478-333"
"a0Qak00000ktCe1EAE","FIELD_CUSTOM_VALIDATION_EXCEPTION:Invalid status transition from "Permitted" to "Producing".:--","a0Qak00000ktCe1EAE","Water Disposal","Producing","Artificial Lift","66867.71","10970.04","9641.22","Fayetteville","2025-01-08","2025-05-14","2026-06-17","PRD-07","60-355-31400-334"
"a0Qak00000ktCaBEAU","FIELD_CUSTOM_VALIDATION_EXCEPTION:Invalid status transition from "Permitted" to "Suspended".:--","a0Qak00000ktCaBEAU","Oil","Suspended","Artificial Lift","1648.54","15503.88","12105.64","Spraberry","2017-02-27","2017-08-15","2026-06-21","PRD-05","62-292-18973-335"
"a0Qak00000ktCgbEAE","FIELD_CUSTOM_VALIDATION_EXCEPTION:Invalid status transition from "Permitted" to "Producing".:--","a0Qak00000ktCgbEAE","Oil","Producing","Flowing","56398.03","11177.29","7770.98","Utica","2024-09-09","2025-01-13","2026-06-20","PRD-01","29-150-80119-336"
"a0Qak00000ktCfyEAE","FIELD_CUSTOM_VALIDATION_EXCEPTION:Invalid status transition from "Permitted" to "Producing".:--","a0Qak00000ktCfyEAE","Injection","Producing","Flowing","32497.68","12151.96","10383.7","Marcellus","2025-11-13","2026-02-28","2026-06-30","PRD-08","37-450-65082-337"
"a0Qak00000ktCXzEAM","FIELD_CUSTOM_VALIDATION_EXCEPTION:Invalid status transition from "Permitted" to "Producing".:--","a0Qak00000ktCXzEAM","Oil","Producing","Flowing","12350.14","17939.02","11529.17","Spraberry","2021-01-31","2021-09-15","2026-06-06","PRD-08","41-855-14392-339"
"a0Qak00000ktCXSEA2","FIELD_CUSTOM_VALIDATION_EXCEPTION:Invalid status transition from "Permitted" to "Producing".:--","a0Qak00000ktCXSEA2","Oil","Producing","Shut-In","1862.42","15992.09","10761.98","Woodford","2016-05-03","2016-11-08","2026-06-01","PRD-06","30-744-15529-340"
"a0Qak00000ktCaeEAE","FIELD_CUSTOM_VALIDATION_EXCEPTION:Invalid status transition from "Permitted" to "Suspended".:--","a0Qak00000ktCaeEAE","Oil","Suspended","Shut-In","2271.05","13774.76","9705.48","Niobrara","2023-07-12","2023-11-30","2026-06-27","PRD-04","91-544-52534-341"
"a0Qak00000ktCZ4EAM","FIELD_CUSTOM_VALIDATION_EXCEPTION:Invalid status transition from "Permitted" to "Producing".:--","a0Qak00000ktCZ4EAM","Oil","Producing","Flowing","8978.1","12749.7","8734.58","Bakken","2017-03-26","2017-12-24","2026-06-08","PRD-03","57-889-21728-342"
"a0Qak00000ktCbeEAE","FIELD_CUSTOM_VALIDATION_EXCEPTION:Invalid status transition from "Permitted" to "Producing".:--","a0Qak00000ktCbeEAE","Oil","Producing","Flowing","59586.4","8384.22","7875.95","Spraberry","2024-06-30","2024-08-29","2026-06-29","PRD-06","92-257-80300-343"
"a0Qak00000ktCa6EAE","FIELD_CUSTOM_VALIDATION_EXCEPTION:Invalid status transition from "Permitted" to "Producing".:--","a0Qak00000ktCa6EAE","Oil","Producing","Artificial Lift","14734.3","17462.74","15102.55","Spraberry","2019-03-25","2019-07-31","2026-06-30","PRD-07","55-841-27659-344"
"a0Qak00000ktCatEAE","FIELD_CUSTOM_VALIDATION_EXCEPTION:Invalid status transition from "Permitted" to "Producing".:--","a0Qak00000ktCatEAE","Oil","Producing","Artificial Lift","10746.08","14708.3","11618.92","Barnett","2021-06-29","2022-05-15","2026-06-25","PRD-06","51-849-71393-345"
"a0Qak00000ktCYTEA2","FIELD_CUSTOM_VALIDATION_EXCEPTION:Invalid status transition from "Permitted" to "Suspended".:--","a0Qak00000ktCYTEA2","Oil","Suspended","Shut-In","11138.04","18595.19","15190.54","Niobrara","2017-02-15","2017-07-17","2026-06-20","PRD-02","94-651-60789-347"
"a0Qak00000ktCYjEAM","FIELD_CUSTOM_VALIDATION_EXCEPTION:Invalid status transition from "Permitted" to "Producing".:--","a0Qak00000ktCYjEAM","Oil","Producing","Shut-In","11603.14","9849.58","6885.79","Woodford","2016-10-11","2017-04-23","2026-06-27","PRD-02","76-774-18739-348"
"a0Qak00000ktCefEAE","FIELD_CUSTOM_VALIDATION_EXCEPTION:Invalid status transition from "Permitted" to "Producing".:--","a0Qak00000ktCefEAE","Injection","Producing","Shut-In","26611.52","5312.74","3386.71","Marcellus","2026-01-04","2026-02-19","2026-06-12","PRD-07","94-601-78920-349"
"a0Qak00000ktCglEAE","FIELD_CUSTOM_VALIDATION_EXCEPTION:Invalid status transition from "Permitted" to "Producing".:--","a0Qak00000ktCglEAE","Injection","Producing","Flowing","61659.94","5130.86","4732.51","Wolfcamp","2024-11-04","2025-01-13","2026-06-16","PRD-01","56-671-64519-350"
"a0Qak00000ktCagEAE","FIELD_CUSTOM_VALIDATION_EXCEPTION:Invalid status transition from "Permitted" to "Suspended".:--","a0Qak00000ktCagEAE","Oil","Suspended","Artificial Lift","9681.99","17913.86","12776.31","Marcellus","2017-05-03","2018-03-08","2026-06-24","PRD-07","80-862-43303-354"
"a0Qak00000ktCfTEAU","FIELD_CUSTOM_VALIDATION_EXCEPTION:Invalid status transition from "Permitted" to "Producing".:--","a0Qak00000ktCfTEAU","Gas","Producing","Flowing","77388.59","5001.96","3061.86","Haynesville","2024-08-21","2024-09-28","2026-06-14","PRD-03","48-106-49365-355"
"a0Qak00000ktCY2EAM","FIELD_CUSTOM_VALIDATION_EXCEPTION:Invalid status transition from "Permitted" to "Producing".:--","a0Qak00000ktCY2EAM","Oil","Producing","Artificial Lift","11687.08","19320.17","17152.8","Monterey","2017-06-29","2018-04-16","2026-06-13","PRD-03","22-138-70341-356"
"a0Qak00000ktCdUEAU","FIELD_CUSTOM_VALIDATION_EXCEPTION:Invalid status transition from "Permitted" to "Producing".:--","a0Qak00000ktCdUEAU","Injection","Producing","Flowing","38860.39","10821.56","7375.41","Spraberry","2025-05-12","2025-07-28","2026-06-12","PRD-07","82-322-20118-357"
"a0Qak00000ktCW7EAM","FIELD_CUSTOM_VALIDATION_EXCEPTION:Invalid status transition from "Permitted" to "Suspended".:--","a0Qak00000ktCW7EAM","Oil","Suspended","Artificial Lift","12472.73","16275.14","13047.48","Monterey","2022-07-07","2023-06-06","2026-06-10","PRD-05","14-848-85534-358"
"a0Qak00000ktCa5EAE","FIELD_CUSTOM_VALIDATION_EXCEPTION:Invalid status transition from "Permitted" to "Shut-In".:--","a0Qak00000ktCa5EAE","Oil","Shut-In","Abandoned","8101.59","10907.78","7561.16","Woodford","2019-12-26","2020-11-14","2026-04-16","PRD-02","95-523-65514-363"
"a0Qak00000ktCbBEAU","FIELD_CUSTOM_VALIDATION_EXCEPTION:Invalid status transition from "Permitted" to "Producing".:--","a0Qak00000ktCbBEAU","Oil","Producing","Artificial Lift","5495.61","15864.92","13792.78","Permian Basin","2019-08-19","2020-07-29","2026-06-04","PRD-08","89-249-67732-364"
"a0Qak00000ktCcEEAU","FIELD_CUSTOM_VALIDATION_EXCEPTION:Invalid status transition from "Permitted" to "Producing".:--","a0Qak00000ktCcEEAU","Injection","Producing","Artificial Lift","27979.54","8738.21","7560.36","Tuscaloosa","2025-12-08","2026-03-05","2026-06-07","PRD-01","41-735-29356-365"
"a0Qak00000ktCbpEAE","FIELD_CUSTOM_VALIDATION_EXCEPTION:Invalid status transition from "Permitted" to "Producing".:--","a0Qak00000ktCbpEAE","Gas","Producing","Artificial Lift","22233.07","9500.62","5776.01","Marcellus","2024-07-12","2024-11-27","2026-06-24","PRD-05","80-594-91663-366"
"a0Qak00000ktCdtEAE","FIELD_CUSTOM_VALIDATION_EXCEPTION:Invalid status transition from "Permitted" to "Producing".:--","a0Qak00000ktCdtEAE","Oil","Producing","Artificial Lift","39479.43","14060.4","11028.69","Haynesville","2025-10-09","2025-12-08","2026-06-21","PRD-04","99-732-45557-367"
"a0Qak00000ktCerEAE","FIELD_CUSTOM_VALIDATION_EXCEPTION:Invalid status transition from "Permitted" to "Producing".:--","a0Qak00000ktCerEAE","Oil","Producing","Flowing","78479.78","5996.04","4259.64","Tuscaloosa","2023-11-30","2024-09-27","2026-06-28","PRD-03","35-612-70029-369"
"a0Qak00000ktCZBEA2","FIELD_CUSTOM_VALIDATION_EXCEPTION:Invalid status transition from "Permitted" to "Producing".:--","a0Qak00000ktCZBEA2","Oil","Producing","Flowing","4921.45","13879.19","11943.55","Bakken","2020-01-13","2020-08-10","2026-06-19","PRD-05","40-613-46159-370"
"a0Qak00000ktCXTEA2","FIELD_CUSTOM_VALIDATION_EXCEPTION:Invalid status transition from "Permitted" to "Suspended".:--","a0Qak00000ktCXTEA2","Oil","Suspended","Shut-In","13240.82","18684.83","16539.82","Bakken","2017-10-19","2018-04-10","2026-06-23","PRD-03","53-502-96105-371"
"a0Qak00000ktCbKEAU","FIELD_CUSTOM_VALIDATION_EXCEPTION:Invalid status transition from "Permitted" to "Producing".:--","a0Qak00000ktCbKEAU","Oil","Producing","Shut-In","8050.41","16135.94","14610.21","Wolfcamp","2021-04-13","2021-12-12","2026-06-23","PRD-03","64-419-89346-372"
"a0Qak00000ktCcGEAU","FIELD_CUSTOM_VALIDATION_EXCEPTION:Invalid status transition from "Permitted" to "Producing".:--","a0Qak00000ktCcGEAU","Gas","Producing","Flowing","28439.22","6385.77","5041.4","Spraberry","2025-07-28","2025-11-05","2026-06-21","PRD-03","65-888-29025-373"
"a0Qak00000ktCgWEAU","FIELD_CUSTOM_VALIDATION_EXCEPTION:Invalid status transition from "Permitted" to "Producing".:--","a0Qak00000ktCgWEAU","Water Disposal","Producing","Flowing","76659.1","6183.87","4397.72","Monterey","2025-11-18","2026-01-02","2026-06-06","PRD-06","62-521-49760-374"
"a0Qak00000ktCXlEAM","FIELD_CUSTOM_VALIDATION_EXCEPTION:Invalid status transition from "Permitted" to "Suspended".:--","a0Qak00000ktCXlEAM","Oil","Suspended","Flowing","9734.29","16860.08","11012.75","Marcellus","2023-01-13","2023-04-20","2026-06-25","PRD-01","88-731-44978-375"
"a0Qak00000ktCggEAE","FIELD_CUSTOM_VALIDATION_EXCEPTION:Invalid status transition from "Permitted" to "Producing".:--","a0Qak00000ktCggEAE","Water Disposal","Producing","Artificial Lift","53763.45","7309.12","4452.2","Eagle Ford","2024-10-22","2025-01-28","2026-06-14","PRD-08","93-482-34114-376"
"a0Qak00000ktCYmEAM","FIELD_CUSTOM_VALIDATION_EXCEPTION:Invalid status transition from "Permitted" to "Shut-In".:--","a0Qak00000ktCYmEAM","Oil","Shut-In","Artificial Lift","3302.27","8386.75","7276.25","Bakken","2020-10-23","2021-06-21","2026-02-07","PRD-04","36-167-33209-377"
"a0Qak00000ktCXXEA2","FIELD_CUSTOM_VALIDATION_EXCEPTION:Invalid status transition from "Permitted" to "Producing".:--","a0Qak00000ktCXXEA2","Oil","Producing","Flowing","8793.05","14433.91","11900.58","Bone Spring","2023-04-04","2024-01-25","2026-06-27","PRD-08","68-946-15559-379"
"a0Qak00000ktCXiEAM","FIELD_CUSTOM_VALIDATION_EXCEPTION:Invalid status transition from "Permitted" to "Suspended".:--","a0Qak00000ktCXiEAM","Oil","Suspended","Artificial Lift","8299.1","19805.97","12155.68","Woodford","2017-09-29","2018-09-16","2026-05-31","PRD-01","34-398-67613-380"
"a0Qak00000ktCg4EAE","FIELD_CUSTOM_VALIDATION_EXCEPTION:Invalid status transition from "Permitted" to "Producing".:--","a0Qak00000ktCg4EAE","Water Disposal","Producing","Flowing","68795.37","9613.47","7189.55","Utica","2025-06-16","2026-04-06","2026-06-02","PRD-03","69-949-94685-381"
"a0Qak00000ktCgXEAU","FIELD_CUSTOM_VALIDATION_EXCEPTION:Invalid status transition from "Permitted" to "Producing".:--","a0Qak00000ktCgXEAU","Water Disposal","Producing","Flowing","26685.14","10854.48","9910.3","Fayetteville","2025-05-27","2026-01-13","2026-06-17","PRD-06","67-125-33445-382"
"a0Qak00000ktCZ2EAM","FIELD_CUSTOM_VALIDATION_EXCEPTION:Invalid status transition from "Permitted" to "Shut-In".:--","a0Qak00000ktCZ2EAM","Oil","Shut-In","Shut-In","3428.01","13456.2","9251.53","Bone Spring","2016-11-30","2017-03-23","2026-03-29","PRD-02","24-823-68903-383"
"a0Qak00000ktCfOEAU","FIELD_CUSTOM_VALIDATION_EXCEPTION:Invalid status transition from "Permitted" to "Producing".:--","a0Qak00000ktCfOEAU","Injection","Producing","Flowing","60973.14","12268.74","11548.77","Utica","2025-05-10","2025-12-19","2026-06-13","PRD-07","15-886-32398-384"
"a0Qak00000ktCbgEAE","FIELD_CUSTOM_VALIDATION_EXCEPTION:Invalid status transition from "Permitted" to "Producing".:--","a0Qak00000ktCbgEAE","Gas","Producing","Artificial Lift","24755.83","13688.19","9069.84","Bone Spring","2025-08-08","2026-04-09","2026-06-21","PRD-05","67-395-92110-385"
"a0Qak00000ktCY5EAM","FIELD_CUSTOM_VALIDATION_EXCEPTION:Invalid status transition from "Permitted" to "Shut-In".:--","a0Qak00000ktCY5EAM","Oil","Shut-In","Shut-In","6447.19","8952.86","7252.14","Marcellus","2017-11-21","2018-05-12","2025-07-18","PRD-04","16-289-29432-387"
"a0Qak00000ktCcUEAU","FIELD_CUSTOM_VALIDATION_EXCEPTION:Invalid status transition from "Permitted" to "Producing".:--","a0Qak00000ktCcUEAU","Gas","Producing","Flowing","24449.34","5324.32","4271.87","Utica","2025-01-12","2025-07-30","2026-06-01","PRD-02","16-211-64651-388"
"a0Qak00000ktCbxEAE","FIELD_CUSTOM_VALIDATION_EXCEPTION:Invalid status transition from "Permitted" to "Producing".:--","a0Qak00000ktCbxEAE","Injection","Producing","Flowing","57960.1","11998.47","9602.36","Fayetteville","2025-03-13","2025-12-01","2026-06-07","PRD-06","14-195-49229-389"
"a0Qak00000ktCbPEAU","FIELD_CUSTOM_VALIDATION_EXCEPTION:Invalid status transition from "Permitted" to "Producing".:--","a0Qak00000ktCbPEAU","Oil","Producing","Artificial Lift","1481.17","13127.89","10406.02","Haynesville","2018-12-13","2019-03-21","2026-06-27","PRD-05","52-639-64232-390"
"a0Qak00000ktCZHEA2","FIELD_CUSTOM_VALIDATION_EXCEPTION:Invalid status transition from "Permitted" to "Shut-In".:--","a0Qak00000ktCZHEA2","Oil","Shut-In","Shut-In","9374.78","9311.63","7965.21","Wolfcamp","2018-05-13","2018-07-26","2025-09-26","PRD-05","64-723-51482-391"
"a0Qak00000ktCd1EAE","FIELD_CUSTOM_VALIDATION_EXCEPTION:Invalid status transition from "Permitted" to "Producing".:--","a0Qak00000ktCd1EAE","Injection","Producing","Flowing","55510.87","14271.05","11630.93","Barnett","2023-12-28","2024-12-15","2026-06-15","PRD-08","33-724-40503-392"
"a0Qak00000ktCXMEA2","FIELD_CUSTOM_VALIDATION_EXCEPTION:Invalid status transition from "Permitted" to "Shut-In".:--","a0Qak00000ktCXMEA2","Oil","Shut-In","Shut-In","663.81","10414.25","7275.08","Spraberry","2023-03-24","2023-09-27","2025-12-29","PRD-06","10-216-99893-394"
"a0Qak00000ktCW5EAM","FIELD_CUSTOM_VALIDATION_EXCEPTION:Invalid status transition from "Permitted" to "Producing".:--","a0Qak00000ktCW5EAM","Oil","Producing","Artificial Lift","8749.36","19521.35","17397.72","Marcellus","2020-03-27","2020-10-16","2026-06-01","PRD-08","70-916-14660-395"
"a0Qak00000ktCZIEA2","FIELD_CUSTOM_VALIDATION_EXCEPTION:Invalid status transition from "Permitted" to "Shut-In".:--","a0Qak00000ktCZIEA2","Oil","Shut-In","Shut-In","9594.41","18704.7","14738.16","Niobrara","2018-08-26","2019-04-24","2026-05-03","PRD-05","82-842-98892-396"
"a0Qak00000ktCXLEA2","FIELD_CUSTOM_VALIDATION_EXCEPTION:Invalid status transition from "Permitted" to "Producing".:--","a0Qak00000ktCXLEA2","Oil","Producing","Shut-In","3519.81","16225.92","14276.17","Monterey","2020-05-11","2020-07-13","2026-06-26","PRD-05","13-447-59183-397"
"a0Qak00000ktCeLEAU","FIELD_CUSTOM_VALIDATION_EXCEPTION:Invalid status transition from "Permitted" to "Producing".:--","a0Qak00000ktCeLEAU","Water Disposal","Producing","Artificial Lift","52113.81","8895.66","7190.51","Tuscaloosa","2025-01-10","2025-07-20","2026-06-08","PRD-01","44-523-21376-398"
"a0Qak00000ktCXqEAM","FIELD_CUSTOM_VALIDATION_EXCEPTION:Invalid status transition from "Permitted" to "Suspended".:--","a0Qak00000ktCXqEAM","Oil","Suspended","Artificial Lift","12527.13","11631.54","9116.63","Permian Basin","2022-08-20","2023-03-29","2026-06-05","PRD-01","35-194-68166-399"
"a0Qak00000ktCdPEAU","FIELD_CUSTOM_VALIDATION_EXCEPTION:Invalid status transition from "Permitted" to "Producing".:--","a0Qak00000ktCdPEAU","Gas","Producing","Artificial Lift","73822.13","6540.78","4703.09","Barnett","2024-06-06","2024-12-11","2026-06-06","PRD-06","28-887-22878-400"
"a0Qak00000ktCc4EAE","FIELD_CUSTOM_VALIDATION_EXCEPTION:Invalid status transition from "Permitted" to "Producing".:--","a0Qak00000ktCc4EAE","Oil","Producing","Flowing","40193.23","13648.1","8742.19","Haynesville","2025-05-17","2026-04-16","2026-06-03","PRD-02","52-578-16047-401"
"a0Qak00000ktCb0EAE","FIELD_CUSTOM_VALIDATION_EXCEPTION:Invalid status transition from "Permitted" to "Shut-In".:--","a0Qak00000ktCb0EAE","Oil","Shut-In","Shut-In","5030.97","14930.72","10589.61","Monterey","2021-08-12","2022-02-22","2026-02-18","PRD-04","46-383-79766-402"
"a0Qak00000ktCZFEA2","FIELD_CUSTOM_VALIDATION_EXCEPTION:Invalid status transition from "Permitted" to "Producing".:--","a0Qak00000ktCZFEA2","Oil","Producing","Artificial Lift","2205.94","9791.85","6812.9","Bakken","2016-08-24","2017-07-06","2026-06-14","PRD-02","36-655-55916-403"
"a0Qak00000ktCaVEAU","FIELD_CUSTOM_VALIDATION_EXCEPTION:Invalid status transition from "Permitted" to "Shut-In".:--","a0Qak00000ktCaVEAU","Oil","Shut-In","Artificial Lift","14177.53","17648.03","14134.82","Permian Basin","2023-03-08","2023-09-13","2025-07-22","PRD-06","79-554-16648-404"
"a0Qak00000ktCfvEAE","FIELD_CUSTOM_VALIDATION_EXCEPTION:Invalid status transition from "Permitted" to "Producing".:--","a0Qak00000ktCfvEAE","Injection","Producing","Flowing","58907.24","6059.27","3749.66","Woodford","2024-12-25","2025-04-25","2026-06-08","PRD-08","88-464-50952-405"
"a0Qak00000ktCYoEAM","FIELD_CUSTOM_VALIDATION_EXCEPTION:Invalid status transition from "Permitted" to "Suspended".:--","a0Qak00000ktCYoEAM","Oil","Suspended","Shut-In","10227.62","14401.82","13549.07","Spraberry","2018-05-26","2019-04-11","2026-06-26","PRD-02","99-579-22748-406"
"a0Qak00000ktCWjEAM","FIELD_CUSTOM_VALIDATION_EXCEPTION:Invalid status transition from "Permitted" to "Shut-In".:--","a0Qak00000ktCWjEAM","Oil","Shut-In","Shut-In","10798.13","13584.76","9252.48","Marcellus","2021-12-10","2022-11-20","2026-01-19","PRD-06","60-287-97186-407"
"a0Qak00000ktCddEAE","FIELD_CUSTOM_VALIDATION_EXCEPTION:Invalid status transition from "Permitted" to "Producing".:--","a0Qak00000ktCddEAE","Gas","Producing","Artificial Lift","36109.47","9875.07","6150.96","Eagle Ford","2024-09-04","2025-06-06","2026-06-16","PRD-03","46-886-55693-408"
"a0Qak00000ktCbWEAU","FIELD_CUSTOM_VALIDATION_EXCEPTION:Invalid status transition from "Permitted" to "Shut-In".:--","a0Qak00000ktCbWEAU","Oil","Shut-In","Abandoned","6065.34","12088.57","10696.82","Utica","2018-12-22","2019-08-31","2025-08-14","PRD-06","79-810-40953-410"
"a0Qak00000ktCg3EAE","FIELD_CUSTOM_VALIDATION_EXCEPTION:Invalid status transition from "Permitted" to "Producing".:--","a0Qak00000ktCg3EAE","Gas","Producing","Artificial Lift","63058.86","12119.09","10820.67","Eagle Ford","2023-11-02","2024-10-02","2026-06-16","PRD-06","81-199-68355-411"
"a0Qak00000ktCYqEAM","FIELD_CUSTOM_VALIDATION_EXCEPTION:Invalid status transition from "Permitted" to "Producing".:--","a0Qak00000ktCYqEAM","Oil","Producing","Artificial Lift","9174.76","16226.1","13122.73","Tuscaloosa","2019-09-16","2020-03-31","2026-06-15","PRD-01","21-322-28208-412"
"a0Qak00000ktCWDEA2","FIELD_CUSTOM_VALIDATION_EXCEPTION:Invalid status transition from "Permitted" to "Suspended".:--","a0Qak00000ktCWDEA2","Oil","Suspended","Flowing","9723.93","8002.21","5212.27","Permian Basin","2018-08-04","2019-06-02","2026-06-21","PRD-07","88-691-68610-413"
"a0Qak00000ktCcSEAU","FIELD_CUSTOM_VALIDATION_EXCEPTION:Invalid status transition from "Permitted" to "Producing".:--","a0Qak00000ktCcSEAU","Gas","Producing","Artificial Lift","35578.85","10702.76","9842.49","Haynesville","2024-08-18","2025-03-12","2026-06-28","PRD-01","88-622-62978-414"
"a0Qak00000ktCYtEAM","FIELD_CUSTOM_VALIDATION_EXCEPTION:Invalid status transition from "Permitted" to "Suspended".:--","a0Qak00000ktCYtEAM","Oil","Suspended","Artificial Lift","13565.6","19614.79","11774.66","Fayetteville","2020-03-26","2020-06-20","2026-06-03","PRD-05","13-340-66585-415"
"a0Qak00000ktCYQEA2","FIELD_CUSTOM_VALIDATION_EXCEPTION:Invalid status transition from "Permitted" to "Suspended".:--","a0Qak00000ktCYQEA2","Oil","Suspended","Artificial Lift","5112.85","12593.48","9237.92","Fayetteville","2021-10-21","2022-02-16","2026-06-15","PRD-03","34-668-60409-416"
"a0Qak00000ktCX6EAM","FIELD_CUSTOM_VALIDATION_EXCEPTION:Invalid status transition from "Permitted" to "Producing".:--","a0Qak00000ktCX6EAM","Oil","Producing","Artificial Lift","7507.39","12422.94","9976.79","Bone Spring","2023-04-28","2023-08-08","2026-06-07","PRD-05","69-629-20254-420"
"a0Qak00000ktCctEAE","FIELD_CUSTOM_VALIDATION_EXCEPTION:Invalid status transition from "Permitted" to "Producing".:--","a0Qak00000ktCctEAE","Oil","Producing","Artificial Lift","30940.03","11306.63","9410.6","Wolfcamp","2025-03-24","2026-03-13","2026-06-13","PRD-05","88-154-55029-421"
"a0Qak00000ktCahEAE","FIELD_CUSTOM_VALIDATION_EXCEPTION:Invalid status transition from "Permitted" to "Shut-In".:--","a0Qak00000ktCahEAE","Oil","Shut-In","Shut-In","7303.87","16805.77","12559.89","Spraberry","2020-09-15","2021-03-12","2026-03-07","PRD-01","98-711-49855-422"
"a0Qak00000ktCWBEA2","FIELD_CUSTOM_VALIDATION_EXCEPTION:Invalid status transition from "Permitted" to "Shut-In".:--","a0Qak00000ktCWBEA2","Oil","Shut-In","Flowing","4528.81","9590.47","6697.41","Tuscaloosa","2021-07-07","2021-08-13","2026-04-04","PRD-03","85-856-29809-424"
"a0Qak00000ktCaOEAU","FIELD_CUSTOM_VALIDATION_EXCEPTION:Invalid status transition from "Permitted" to "Shut-In".:--","a0Qak00000ktCaOEAU","Oil","Shut-In","Artificial Lift","3043.29","17390.33","11871.83","Permian Basin","2018-06-16","2018-08-01","2025-12-07","PRD-02","28-709-30204-425"
"a0Qak00000ktCX7EAM","FIELD_CUSTOM_VALIDATION_EXCEPTION:Invalid status transition from "Permitted" to "Suspended".:--","a0Qak00000ktCX7EAM","Oil","Suspended","Flowing","6487.74","12598.0","10471.88","Bone Spring","2017-01-12","2017-05-07","2026-06-24","PRD-06","16-757-44654-426"
"a0Qak00000ktCWVEA2","FIELD_CUSTOM_VALIDATION_EXCEPTION:Invalid status transition from "Permitted" to "Producing".:--","a0Qak00000ktCWVEA2","Oil","Producing","Flowing","7007.9","16141.92","15118.8","Wolfcamp","2023-10-27","2024-01-14","2026-06-01","PRD-06","65-725-95467-428"
"a0Qak00000ktChqEAE","FIELD_CUSTOM_VALIDATION_EXCEPTION:Invalid status transition from "Permitted" to "Producing".:--","a0Qak00000ktChqEAE","Gas","Producing","Flowing","1335.44","3687.94","3057.38","Woodford","2025-10-01","2026-03-03","2026-06-07","PRD-04","76-445-98829-429"
"a0Qak00000ktCdeEAE","FIELD_CUSTOM_VALIDATION_EXCEPTION:Invalid status transition from "Permitted" to "Producing".:--","a0Qak00000ktCdeEAE","Oil","Producing","Flowing","15550.95","5679.52","4225.21","Fayetteville","2025-06-01","2026-02-14","2026-06-19","PRD-04","46-357-35307-430"
"a0Qak00000ktCaWEAU","FIELD_CUSTOM_VALIDATION_EXCEPTION:Invalid status transition from "Permitted" to "Producing".:--","a0Qak00000ktCaWEAU","Oil","Producing","Artificial Lift","14108.33","15879.27","14170.83","Utica","2017-02-02","2017-05-05","2026-06-08","PRD-02","21-976-89257-431"
"a0Qak00000ktCeuEAE","FIELD_CUSTOM_VALIDATION_EXCEPTION:Invalid status transition from "Permitted" to "Producing".:--","a0Qak00000ktCeuEAE","Water Disposal","Producing","Artificial Lift","73493.32","10660.69","10005.14","Monterey","2025-10-06","2026-02-07","2026-06-22","PRD-05","69-776-19924-432"
"a0Qak00000ktCaREAU","FIELD_CUSTOM_VALIDATION_EXCEPTION:Invalid status transition from "Permitted" to "Producing".:--","a0Qak00000ktCaREAU","Oil","Producing","Abandoned","4244.46","17753.61","11757.78","Eagle Ford","2018-08-15","2018-12-25","2026-06-11","PRD-07","32-760-74494-434"
"a0Qak00000ktCZXEA2","FIELD_CUSTOM_VALIDATION_EXCEPTION:Invalid status transition from "Permitted" to "Producing".:--","a0Qak00000ktCZXEA2","Oil","Producing","Shut-In","6753.18","15367.6","9792.04","Barnett","2021-05-15","2021-08-05","2026-06-29","PRD-02","19-685-42846-435"
"a0Qak00000ktCiFEAU","FIELD_CUSTOM_VALIDATION_EXCEPTION:Invalid status transition from "Permitted" to "Producing".:--","a0Qak00000ktCiFEAU","Oil","Producing","Flowing","2488.51","7570.06","4544.33","Bakken","2025-05-26","2026-01-10","2026-06-22","PRD-03","99-437-61292-436"
"a0Qak00000ktCeUEAU","FIELD_CUSTOM_VALIDATION_EXCEPTION:Invalid status transition from "Permitted" to "Producing".:--","a0Qak00000ktCeUEAU","Oil","Producing","Shut-In","46894.16","9360.58","8381.62","Spraberry","2025-05-19","2026-03-21","2026-06-23","PRD-01","59-805-73185-437"
"a0Qak00000ktCeCEAU","FIELD_CUSTOM_VALIDATION_EXCEPTION:Invalid status transition from "Permitted" to "Producing".:--","a0Qak00000ktCeCEAU","Injection","Producing","Shut-In","38329.69","11818.36","8748.13","Wolfcamp","2024-05-23","2024-08-07","2026-06-19","PRD-06","20-961-70245-438"
"a0Qak00000ktCb9EAE","FIELD_CUSTOM_VALIDATION_EXCEPTION:Invalid status transition from "Permitted" to "Shut-In".:--","a0Qak00000ktCb9EAE","Oil","Shut-In","Artificial Lift","1070.3","12609.96","8408.97","Bone Spring","2019-11-23","2020-02-15","2025-07-13","PRD-06","72-186-92941-439"
"a0Qak00000ktCWxEAM","FIELD_CUSTOM_VALIDATION_EXCEPTION:Invalid status transition from "Permitted" to "Shut-In".:--","a0Qak00000ktCWxEAM","Oil","Shut-In","Artificial Lift","1017.63","8304.38","7878.65","Marcellus","2018-05-21","2019-01-05","2026-04-29","PRD-05","73-646-68891-440"
"a0Qak00000ktCi9EAE","FIELD_CUSTOM_VALIDATION_EXCEPTION:Invalid status transition from "Permitted" to "Producing".:--","a0Qak00000ktCi9EAE","Gas","Producing","Flowing","1696.43","5364.03","4572.05","Woodford","2026-01-12","2026-05-30","2026-06-05","PRD-08","96-991-80328-441"
"a0Qak00000ktCVuEAM","FIELD_CUSTOM_VALIDATION_EXCEPTION:Invalid status transition from "Permitted" to "Producing".:--","a0Qak00000ktCVuEAM","Oil","Producing","Artificial Lift","4956.39","17524.37","13312.64","Permian Basin","2017-09-13","2017-11-14","2026-06-04","PRD-02","24-609-87984-443"
"a0Qak00000ktCWFEA2","FIELD_CUSTOM_VALIDATION_EXCEPTION:Invalid status transition from "Permitted" to "Suspended".:--","a0Qak00000ktCWFEA2","Oil","Suspended","Artificial Lift","12164.58","13114.54","11593.68","Bone Spring","2016-03-31","2016-11-21","2026-06-20","PRD-02","97-689-81550-444"
"a0Qak00000ktCcjEAE","FIELD_CUSTOM_VALIDATION_EXCEPTION:Invalid status transition from "Permitted" to "Producing".:--","a0Qak00000ktCcjEAE","Oil","Producing","Flowing","43512.98","14256.76","8757.14","Eagle Ford","2023-09-14","2024-08-22","2026-06-18","PRD-03","12-598-20580-446"
"a0Qak00000ktCgBEAU","FIELD_CUSTOM_VALIDATION_EXCEPTION:Invalid status transition from "Permitted" to "Producing".:--","a0Qak00000ktCgBEAU","Water Disposal","Producing","Shut-In","60938.18","10937.31","7648.53","Bone Spring","2024-10-27","2025-01-29","2026-06-24","PRD-03","91-377-78562-447"
"a0Qak00000ktCdGEAU","FIELD_CUSTOM_VALIDATION_EXCEPTION:Invalid status transition from "Permitted" to "Producing".:--","a0Qak00000ktCdGEAU","Gas","Producing","Shut-In","54684.97","5376.21","3564.43","Barnett","2024-06-29","2024-09-12","2026-06-10","PRD-05","54-528-10599-448"
"a0Qak00000ktCWeEAM","FIELD_CUSTOM_VALIDATION_EXCEPTION:Invalid status transition from "Permitted" to "Producing".:--","a0Qak00000ktCWeEAM","Oil","Producing","Abandoned","14663.48","15427.05","13914.52","Fayetteville","2018-06-02","2018-10-22","2026-06-16","PRD-04","45-154-35391-449"
"a0Qak00000ktCWJEA2","FIELD_CUSTOM_VALIDATION_EXCEPTION:Invalid status transition from "Permitted" to "Producing".:--","a0Qak00000ktCWJEA2","Oil","Producing","Artificial Lift","12734.83","18937.81","14660.33","Permian Basin","2016-11-03","2016-12-25","2026-06-29","PRD-06","46-314-66973-450"
"a0Qak00000ktCgQEAU","FIELD_CUSTOM_VALIDATION_EXCEPTION:Invalid status transition from "Permitted" to "Producing".:--","a0Qak00000ktCgQEAU","Oil","Producing","Artificial Lift","72855.17","9531.48","6067.24","Bakken","2024-07-30","2024-11-27","2026-06-25","PRD-01","72-627-25212-451"
"a0Qak00000ktCa3EAE","FIELD_CUSTOM_VALIDATION_EXCEPTION:Invalid status transition from "Permitted" to "Producing".:--","a0Qak00000ktCa3EAE","Oil","Producing","Shut-In","3315.25","12303.08","8543.17","Niobrara","2022-12-11","2023-01-26","2026-06-08","PRD-01","45-239-24563-454"
"a0Qak00000ktCcvEAE","FIELD_CUSTOM_VALIDATION_EXCEPTION:Invalid status transition from "Permitted" to "Producing".:--","a0Qak00000ktCcvEAE","Water Disposal","Producing","Flowing","71042.94","7164.43","5485.96","Barnett","2025-07-13","2025-08-19","2026-06-07","PRD-07","41-353-52899-456"
"a0Qak00000ktCb7EAE","FIELD_CUSTOM_VALIDATION_EXCEPTION:Invalid status transition from "Permitted" to "Shut-In".:--","a0Qak00000ktCb7EAE","Oil","Shut-In","Flowing","9080.69","9787.64","7837.9","Bakken","2019-09-02","2019-10-24","2026-05-11","PRD-08","74-134-65797-457"
"a0Qak00000ktCbYEAU","FIELD_CUSTOM_VALIDATION_EXCEPTION:Invalid status transition from "Permitted" to "Producing".:--","a0Qak00000ktCbYEAU","Gas","Producing","Flowing","66871.14","13212.91","10020.07","Marcellus","2025-04-26","2026-03-07","2026-06-06","PRD-01","98-849-63296-458"
"a0Qak00000ktCimEAE","FIELD_CUSTOM_VALIDATION_EXCEPTION:Invalid status transition from "Permitted" to "Producing".:--","a0Qak00000ktCimEAE","Injection","Producing","Artificial Lift","3062.51","7026.61","4725.4","Wolfcamp","2025-06-27","2026-06-09","2026-06-02","PRD-06","17-627-98428-461"
"a0Qak00000ktCXcEAM","FIELD_CUSTOM_VALIDATION_EXCEPTION:Invalid status transition from "Permitted" to "Suspended".:--","a0Qak00000ktCXcEAM","Oil","Suspended","Artificial Lift","5801.07","15429.6","11231.98","Permian Basin","2016-05-13","2017-03-25","2026-06-08","PRD-02","81-826-36832-462"
"a0Qak00000ktCasEAE","FIELD_CUSTOM_VALIDATION_EXCEPTION:Invalid status transition from "Permitted" to "Producing".:--","a0Qak00000ktCasEAE","Oil","Producing","Artificial Lift","8324.69","15788.46","13547.81","Spraberry","2017-08-13","2017-12-28","2026-06-06","PRD-04","51-461-45043-463"
"a0Qak00000ktCYDEA2","FIELD_CUSTOM_VALIDATION_EXCEPTION:Invalid status transition from "Permitted" to "Shut-In".:--","a0Qak00000ktCYDEA2","Oil","Shut-In","Artificial Lift","1289.67","12473.77","9459.41","Fayetteville","2018-05-04","2018-08-04","2025-10-03","PRD-05","67-735-58253-464"
"a0Qak00000ktCY8EAM","FIELD_CUSTOM_VALIDATION_EXCEPTION:Invalid status transition from "Permitted" to "Suspended".:--","a0Qak00000ktCY8EAM","Oil","Suspended","Flowing","12227.54","19290.51","12017.4","Monterey","2019-02-28","2019-05-13","2026-06-28","PRD-07","32-395-20085-465"
"a0Qak00000ktCXAEA2","FIELD_CUSTOM_VALIDATION_EXCEPTION:Invalid status transition from "Permitted" to "Producing".:--","a0Qak00000ktCXAEA2","Oil","Producing","Artificial Lift","10607.69","13955.94","12647.54","Fayetteville","2017-05-08","2017-06-18","2026-06-21","PRD-07","97-654-27305-466"
"a0Qak00000ktCftEAE","FIELD_CUSTOM_VALIDATION_EXCEPTION:Invalid status transition from "Permitted" to "Producing".:--","a0Qak00000ktCftEAE","Injection","Producing","Flowing","62951.1","5214.82","3473.96","Bakken","2024-12-14","2025-10-06","2026-06-10","PRD-06","62-692-54930-467"
"a0Qak00000ktCc1EAE","FIELD_CUSTOM_VALIDATION_EXCEPTION:Invalid status transition from "Permitted" to "Producing".:--","a0Qak00000ktCc1EAE","Injection","Producing","Artificial Lift","49460.8","10484.69","7971.54","Utica","2025-07-14","2026-01-16","2026-06-25","PRD-05","39-595-58745-468"
"a0Qak00000ktCWlEAM","FIELD_CUSTOM_VALIDATION_EXCEPTION:Invalid status transition from "Permitted" to "Suspended".:--","a0Qak00000ktCWlEAM","Oil","Suspended","Artificial Lift","5620.25","13471.12","8867.06","Monterey","2021-11-11","2022-09-11","2026-06-21","PRD-03","32-959-97340-469"
"a0Qak00000ktCj9EAE","FIELD_CUSTOM_VALIDATION_EXCEPTION:Invalid status transition from "Permitted" to "Producing".:--","a0Qak00000ktCj9EAE","Gas","Producing","Flowing","2242.15","9828.26","7732.63","Eagle Ford","2025-10-29","2026-06-23","2026-06-01","PRD-08","28-569-51971-471"
"a0Qak00000ktCdyEAE","FIELD_CUSTOM_VALIDATION_EXCEPTION:Invalid status transition from "Permitted" to "Producing".:--","a0Qak00000ktCdyEAE","Injection","Producing","Artificial Lift","78414.07","8312.81","7040.19","Barnett","2024-09-19","2025-08-08","2026-06-09","PRD-03","82-846-67947-472"
"a0Qak00000ktCWzEAM","FIELD_CUSTOM_VALIDATION_EXCEPTION:Invalid status transition from "Permitted" to "Shut-In".:--","a0Qak00000ktCWzEAM","Oil","Shut-In","Shut-In","13552.53","9673.08","7669.17","Haynesville","2023-07-30","2024-03-21","2025-07-19","PRD-04","67-465-22121-473"
"a0Qak00000ktCd8EAE","FIELD_CUSTOM_VALIDATION_EXCEPTION:Invalid status transition from "Permitted" to "Producing".:--","a0Qak00000ktCd8EAE","Oil","Producing","Artificial Lift","27684.73","10264.34","8965.38","Spraberry","2025-04-12","2025-08-20","2026-06-30","PRD-02","78-969-68387-474"
"a0Qak00000ktCWkEAM","FIELD_CUSTOM_VALIDATION_EXCEPTION:Invalid status transition from "Permitted" to "Plugged".:--","a0Qak00000ktCWkEAM","Oil","Plugged","Artificial Lift","7611.75","15238.06","11871.13","Bakken","2016-06-07","2017-01-07","2025-11-09","PRD-03","64-478-60608-475"
"a0Qak00000ktCbMEAU","FIELD_CUSTOM_VALIDATION_EXCEPTION:Invalid status transition from "Permitted" to "Producing".:--","a0Qak00000ktCbMEAU","Oil","Producing","Artificial Lift","5594.65","19730.28","17875.74","Eagle Ford","2021-05-17","2022-01-29","2026-06-07","PRD-07","66-395-31468-476"
"a0Qak00000ktCYMEA2","FIELD_CUSTOM_VALIDATION_EXCEPTION:Invalid status transition from "Permitted" to "Suspended".:--","a0Qak00000ktCYMEA2","Oil","Suspended","Abandoned","6645.57","18757.15","12170.55","Utica","2017-08-03","2017-10-16","2026-06-26","PRD-04","48-586-78852-477"
"a0Qak00000ktCaSEAU","FIELD_CUSTOM_VALIDATION_EXCEPTION:Invalid status transition from "Permitted" to "Plugged".:--","a0Qak00000ktCaSEAU","Oil","Plugged","Artificial Lift","14421.38","17073.37","10772.56","Woodford","2016-11-14","2017-05-02","2025-10-31","PRD-03","81-573-84437-478"
"a0Qak00000ktCbOEAU","FIELD_CUSTOM_VALIDATION_EXCEPTION:Invalid status transition from "Permitted" to "Producing".:--","a0Qak00000ktCbOEAU","Oil","Producing","Artificial Lift","4308.82","19472.32","17369.02","Barnett","2022-02-09","2023-02-08","2026-06-09","PRD-05","63-283-74472-480"
"a0Qak00000ktCijEAE","FIELD_CUSTOM_VALIDATION_EXCEPTION:Invalid status transition from "Permitted" to "Producing".:--","a0Qak00000ktCijEAE","Injection","Producing","Shut-In","1866.01","8130.7","4928.35","Haynesville","2025-06-26","2026-05-19","2026-06-29","PRD-03","50-572-27759-482"
"a0Qak00000ktCbHEAU","FIELD_CUSTOM_VALIDATION_EXCEPTION:Invalid status transition from "Permitted" to "Producing".:--","a0Qak00000ktCbHEAU","Oil","Producing","Artificial Lift","6582.95","18945.26","13727.63","Haynesville","2020-05-27","2021-03-24","2026-06-10","PRD-02","75-298-92317-483"
"a0Qak00000ktCePEAU","FIELD_CUSTOM_VALIDATION_EXCEPTION:Invalid status transition from "Permitted" to "Producing".:--","a0Qak00000ktCePEAU","Injection","Producing","Flowing","63920.85","10437.12","9449.3","Tuscaloosa","2025-02-09","2025-07-27","2026-06-09","PRD-06","22-647-86027-484"
"a0Qak00000ktCawEAE","FIELD_CUSTOM_VALIDATION_EXCEPTION:Invalid status transition from "Permitted" to "Suspended".:--","a0Qak00000ktCawEAE","Oil","Suspended","Artificial Lift","8013.48","12476.17","9603.09","Niobrara","2022-06-12","2022-09-02","2026-06-24","PRD-03","74-326-34696-485"
"a0Qak00000ktCYNEA2","FIELD_CUSTOM_VALIDATION_EXCEPTION:Invalid status transition from "Permitted" to "Suspended".:--","a0Qak00000ktCYNEA2","Oil","Suspended","Shut-In","10499.97","19429.94","17411.64","Bone Spring","2018-01-28","2018-04-26","2026-06-17","PRD-08","19-219-27200-486"
"a0Qak00000ktCaNEAU","FIELD_CUSTOM_VALIDATION_EXCEPTION:Invalid status transition from "Permitted" to "Suspended".:--","a0Qak00000ktCaNEAU","Oil","Suspended","Artificial Lift","2366.36","16330.93","13731.32","Haynesville","2022-09-19","2023-02-03","2026-06-26","PRD-02","64-807-24643-488"
"a0Qak00000ktCclEAE","FIELD_CUSTOM_VALIDATION_EXCEPTION:Invalid status transition from "Permitted" to "Producing".:--","a0Qak00000ktCclEAE","Oil","Producing","Artificial Lift","64226.71","5425.17","3459.83","Spraberry","2023-10-07","2024-07-25","2026-06-12","PRD-01","70-221-43162-489"
"a0Qak00000ktCgPEAU","FIELD_CUSTOM_VALIDATION_EXCEPTION:Invalid status transition from "Permitted" to "Producing".:--","a0Qak00000ktCgPEAU","Oil","Producing","Artificial Lift","33029.42","10797.51","7809.53","Tuscaloosa","2024-01-27","2025-01-04","2026-06-23","PRD-02","22-939-85777-491"
"a0Qak00000ktCYEEA2","FIELD_CUSTOM_VALIDATION_EXCEPTION:Invalid status transition from "Permitted" to "Shut-In".:--","a0Qak00000ktCYEEA2","Oil","Shut-In","Shut-In","14481.83","10061.28","8692.0","Bakken","2023-01-04","2023-05-23","2025-09-15","PRD-08","56-814-87251-492"
"a0Qak00000ktCYwEAM","FIELD_CUSTOM_VALIDATION_EXCEPTION:Invalid status transition from "Permitted" to "Producing".:--","a0Qak00000ktCYwEAM","Oil","Producing","Shut-In","2056.21","18016.91","16998.15","Woodford","2021-04-17","2022-02-04","2026-06-23","PRD-07","24-879-51193-493"
"a0Qak00000ktCXuEAM","FIELD_CUSTOM_VALIDATION_EXCEPTION:Invalid status transition from "Permitted" to "Producing".:--","a0Qak00000ktCXuEAM","Oil","Producing","Artificial Lift","2470.73","17147.28","14517.84","Fayetteville","2023-11-05","2024-01-16","2026-06-20","PRD-08","24-494-47173-494"
"a0Qak00000ktCd9EAE","FIELD_CUSTOM_VALIDATION_EXCEPTION:Invalid status transition from "Permitted" to "Producing".:--","a0Qak00000ktCd9EAE","Gas","Producing","Artificial Lift","59658.03","13410.9","9106.75","Woodford","2024-12-01","2025-08-07","2026-06-24","PRD-02","70-795-58161-495"
"a0Qak00000ktCWSEA2","FIELD_CUSTOM_VALIDATION_EXCEPTION:Invalid status transition from "Permitted" to "Producing".:--","a0Qak00000ktCWSEA2","Oil","Producing","Shut-In","10245.38","12756.44","9987.42","Wolfcamp","2023-04-18","2023-07-18","2026-06-26","PRD-07","61-811-87405-496"
"a0Qak00000ktCYlEAM","FIELD_CUSTOM_VALIDATION_EXCEPTION:Invalid status transition from "Permitted" to "Producing".:--","a0Qak00000ktCYlEAM","Oil","Producing","Shut-In","8937.82","11275.67","9881.12","Wolfcamp","2019-06-06","2020-01-04","2026-06-15","PRD-07","72-623-46554-498"
"a0Qak00000ktCdaEAE","FIELD_CUSTOM_VALIDATION_EXCEPTION:Invalid status transition from "Permitted" to "Producing".:--","a0Qak00000ktCdaEAE","Oil","Producing","Flowing","22942.35","9893.41","6735.31","Permian Basin","2026-02-10","2026-05-01","2026-06-07","PRD-01","18-610-98880-499"
"a0Qak00000ktChkEAE","FIELD_CUSTOM_VALIDATION_EXCEPTION:Invalid status transition from "Permitted" to "Producing".:--","a0Qak00000ktChkEAE","Water Disposal","Producing","Flowing","3396.02","4069.16","3327.3","Eagle Ford","2025-08-18","2026-06-10","2026-06-06","PRD-08","69-306-48477-500"
"a0Qak00000ktCa4EAE","FIELD_CUSTOM_VALIDATION_EXCEPTION:Invalid status transition from "Permitted" to "Shut-In".:--","a0Qak00000ktCa4EAE","Oil","Shut-In","Artificial Lift","3064.6","15912.93","13888.55","Monterey","2016-04-07","2016-07-30","2025-09-22","PRD-07","27-419-60997-502"
"a0Qak00000ktCXeEAM","FIELD_CUSTOM_VALIDATION_EXCEPTION:Invalid status transition from "Permitted" to "Shut-In".:--","a0Qak00000ktCXeEAM","Oil","Shut-In","Artificial Lift","10287.86","15920.94","13371.69","Utica","2018-06-25","2019-03-25","2025-08-17","PRD-03","74-157-61299-503"
"a0Qak00000ktCaKEAU","FIELD_CUSTOM_VALIDATION_EXCEPTION:Invalid status transition from "Permitted" to "Producing".:--","a0Qak00000ktCaKEAU","Oil","Producing","Shut-In","5978.07","16117.85","13994.56","Haynesville","2020-09-26","2020-11-26","2026-06-30","PRD-01","26-957-58026-504"
"a0Qak00000ktCWUEA2","FIELD_CUSTOM_VALIDATION_EXCEPTION:Invalid status transition from "Permitted" to "Producing".:--","a0Qak00000ktCWUEA2","Oil","Producing","Shut-In","890.05","18696.11","13450.73","Eagle Ford","2019-02-18","2019-09-12","2026-06-19","PRD-07","54-157-96670-505"
"a0Qak00000ktCeaEAE","FIELD_CUSTOM_VALIDATION_EXCEPTION:Invalid status transition from "Permitted" to "Producing".:--","a0Qak00000ktCeaEAE","Oil","Producing","Flowing","35286.47","5849.42","4918.17","Tuscaloosa","2025-04-26","2025-07-23","2026-06-20","PRD-03","12-651-52744-506"
"a0Qak00000ktCaXEAU","FIELD_CUSTOM_VALIDATION_EXCEPTION:Invalid status transition from "Permitted" to "Shut-In".:--","a0Qak00000ktCaXEAU","Oil","Shut-In","Flowing","8736.72","18816.92","13046.08","Bone Spring","2018-04-29","2019-03-26","2026-05-20","PRD-06","58-684-61157-507"
"a0Qak00000ktCb1EAE","FIELD_CUSTOM_VALIDATION_EXCEPTION:Invalid status transition from "Permitted" to "Producing".:--","a0Qak00000ktCb1EAE","Oil","Producing","Artificial Lift","7581.2","16290.37","10948.23","Barnett","2018-04-21","2018-11-10","2026-06-25","PRD-05","56-546-36444-508"
"a0Qak00000ktCfoEAE","FIELD_CUSTOM_VALIDATION_EXCEPTION:Invalid status transition from "Permitted" to "Producing".:--","a0Qak00000ktCfoEAE","Oil","Producing","Artificial Lift","66164.72","13403.8","10556.05","Haynesville","2025-07-10","2025-09-02","2026-06-21","PRD-07","38-739-22053-509"
"a0Qak00000ktCVxEAM","FIELD_CUSTOM_VALIDATION_EXCEPTION:Invalid status transition from "Permitted" to "Shut-In".:--","a0Qak00000ktCVxEAM","Oil","Shut-In","Artificial Lift","8713.21","14372.76","10772.2","Niobrara","2022-08-23","2023-08-21","2025-12-28","PRD-05","65-779-80772-510"
"a0Qak00000ktCX5EAM","FIELD_CUSTOM_VALIDATION_EXCEPTION:Invalid status transition from "Permitted" to "Producing".:--","a0Qak00000ktCX5EAM","Oil","Producing","Artificial Lift","4143.34","14184.43","11844.65","Fayetteville","2022-05-14","2022-06-22","2026-06-10","PRD-03","83-611-37912-511"
"a0Qak00000ktCeJEAU","FIELD_CUSTOM_VALIDATION_EXCEPTION:Invalid status transition from "Permitted" to "Producing".:--","a0Qak00000ktCeJEAU","Water Disposal","Producing","Artificial Lift","75976.69","7679.36","6322.22","Spraberry","2024-01-01","2024-09-09","2026-06-01","PRD-01","76-305-57746-512"
"a0Qak00000ktCdREAU","FIELD_CUSTOM_VALIDATION_EXCEPTION:Invalid status transition from "Permitted" to "Producing".:--","a0Qak00000ktCdREAU","Gas","Producing","Flowing","59544.93","8002.76","6021.17","Niobrara","2025-04-07","2026-03-27","2026-06-24","PRD-07","44-943-47623-513"
"a0Qak00000ktCaqEAE","FIELD_CUSTOM_VALIDATION_EXCEPTION:Invalid status transition from "Permitted" to "Producing".:--","a0Qak00000ktCaqEAE","Oil","Producing","Shut-In","6385.06","9362.7","6246.52","Marcellus","2020-04-14","2021-01-06","2026-06-15","PRD-07","64-762-14850-514"
"a0Qak00000ktCY3EAM","FIELD_CUSTOM_VALIDATION_EXCEPTION:Invalid status transition from "Permitted" to "Producing".:--","a0Qak00000ktCY3EAM","Oil","Producing","Artificial Lift","922.56","17476.04","12184.65","Fayetteville","2021-07-17","2022-07-11","2026-06-03","PRD-01","72-901-12609-515"
"a0Qak00000ktCfeEAE","FIELD_CUSTOM_VALIDATION_EXCEPTION:Invalid status transition from "Permitted" to "Producing".:--","a0Qak00000ktCfeEAE","Water Disposal","Producing","Artificial Lift","76728.84","14315.56","9851.01","Monterey","2025-09-30","2026-02-28","2026-06-11","PRD-02","50-437-86588-517"
"a0Qak00000ktCZpEAM","FIELD_CUSTOM_VALIDATION_EXCEPTION:Invalid status transition from "Permitted" to "Suspended".:--","a0Qak00000ktCZpEAM","Oil","Suspended","Shut-In","14064.75","10616.1","6766.54","Marcellus","2020-09-20","2021-06-02","2026-06-17","PRD-05","85-157-74272-518"
"a0Qak00000ktCh6EAE","FIELD_CUSTOM_VALIDATION_EXCEPTION:Invalid status transition from "Permitted" to "Producing".:--","a0Qak00000ktCh6EAE","Oil","Producing","Artificial Lift","22342.49","10457.45","8012.49","Marcellus","2025-05-08","2025-08-20","2026-06-19","PRD-08","57-941-50392-519"
"a0Qak00000ktCZGEA2","FIELD_CUSTOM_VALIDATION_EXCEPTION:Invalid status transition from "Permitted" to "Shut-In".:--","a0Qak00000ktCZGEA2","Oil","Shut-In","Flowing","1004.74","16873.4","14842.34","Bakken","2016-05-02","2016-10-01","2026-01-22","PRD-07","49-754-57560-520"
"a0Qak00000ktCaCEAU","FIELD_CUSTOM_VALIDATION_EXCEPTION:Invalid status transition from "Permitted" to "Plugged".:--","a0Qak00000ktCaCEAU","Oil","Plugged","Shut-In","8256.21","10836.58","8179.89","Bakken","2019-08-27","2020-02-03","2025-12-28","PRD-02","40-404-37575-521"
"a0Qak00000ktChnEAE","FIELD_CUSTOM_VALIDATION_EXCEPTION:Invalid status transition from "Permitted" to "Producing".:--","a0Qak00000ktChnEAE","Injection","Producing","Flowing","2194.23","5220.29","4616.23","Wolfcamp","2026-01-29","2026-03-17","2026-06-22","PRD-02","72-582-64127-522"
"a0Qak00000ktCXEEA2","FIELD_CUSTOM_VALIDATION_EXCEPTION:Invalid status transition from "Permitted" to "Shut-In".:--","a0Qak00000ktCXEEA2","Oil","Shut-In","Artificial Lift","6929.37","15693.19","9432.81","Marcellus","2016-12-10","2017-06-14","2025-12-22","PRD-02","24-261-42716-524"
"a0Qak00000ktCWXEA2","FIELD_CUSTOM_VALIDATION_EXCEPTION:Invalid status transition from "Permitted" to "Shut-In".:--","a0Qak00000ktCWXEA2","Oil","Shut-In","Abandoned","12544.01","17157.95","15381.01","Wolfcamp","2019-05-15","2019-11-24","2025-10-12","PRD-08","27-366-32738-525"
"a0Qak00000ktCXrEAM","FIELD_CUSTOM_VALIDATION_EXCEPTION:Invalid status transition from "Permitted" to "Plugged".:--","a0Qak00000ktCXrEAM","Oil","Plugged","Abandoned","3374.86","16415.13","10818.63","Woodford","2016-11-19","2017-07-26","2025-07-28","PRD-05","29-191-58224-527"
"a0Qak00000ktCcYEAU","FIELD_CUSTOM_VALIDATION_EXCEPTION:Invalid status transition from "Permitted" to "Producing".:--","a0Qak00000ktCcYEAU","Injection","Producing","Flowing","15917.47","10258.38","8931.72","Monterey","2024-05-14","2025-02-21","2026-06-27","PRD-04","36-295-44891-528"
"a0Qak00000ktCZlEAM","FIELD_CUSTOM_VALIDATION_EXCEPTION:Invalid status transition from "Permitted" to "Suspended".:--","a0Qak00000ktCZlEAM","Oil","Suspended","Artificial Lift","6753.97","10479.27","7078.21","Tuscaloosa","2020-12-23","2021-04-28","2026-06-17","PRD-03","62-911-29129-529"
"a0Qak00000ktCfnEAE","FIELD_CUSTOM_VALIDATION_EXCEPTION:Invalid status transition from "Permitted" to "Producing".:--","a0Qak00000ktCfnEAE","Injection","Producing","Shut-In","30306.57","9509.77","6532.37","Utica","2023-07-05","2024-06-30","2026-06-16","PRD-02","11-580-27459-530"
"a0Qak00000ktCYxEAM","FIELD_CUSTOM_VALIDATION_EXCEPTION:Invalid status transition from "Permitted" to "Plugged".:--","a0Qak00000ktCYxEAM","Oil","Plugged","Shut-In","5637.37","15276.49","12752.46","Spraberry","2017-08-23","2017-10-15","2026-05-29","PRD-05","74-734-59930-532"
"a0Qak00000ktCXDEA2","FIELD_CUSTOM_VALIDATION_EXCEPTION:Invalid status transition from "Permitted" to "Producing".:--","a0Qak00000ktCXDEA2","Oil","Producing","Artificial Lift","5878.07","19616.69","15611.87","Utica","2022-01-15","2022-06-27","2026-06-25","PRD-08","53-998-71352-533"
"a0Qak00000ktCeHEAU","FIELD_CUSTOM_VALIDATION_EXCEPTION:Invalid status transition from "Permitted" to "Producing".:--","a0Qak00000ktCeHEAU","Injection","Producing","Flowing","49477.55","6417.96","4113.24","Bakken","2025-04-11","2026-01-21","2026-06-03","PRD-05","56-540-47083-534"
"a0Qak00000ktCgEEAU","FIELD_CUSTOM_VALIDATION_EXCEPTION:Invalid status transition from "Permitted" to "Producing".:--","a0Qak00000ktCgEEAU","Oil","Producing","Artificial Lift","32144.27","8130.1","7418.19","Niobrara","2024-09-28","2025-01-13","2026-06-13","PRD-08","16-293-29480-535"
"a0Qak00000ktCguEAE","FIELD_CUSTOM_VALIDATION_EXCEPTION:Invalid status transition from "Permitted" to "Producing".:--","a0Qak00000ktCguEAE","Water Disposal","Producing","Flowing","31914.56","12059.63","9077.89","Monterey","2024-11-21","2025-01-10","2026-06-16","PRD-06","81-596-69999-536"
"a0Qak00000ktCeBEAU","FIELD_CUSTOM_VALIDATION_EXCEPTION:Invalid status transition from "Permitted" to "Producing".:--","a0Qak00000ktCeBEAU","Gas","Producing","Artificial Lift","24623.49","8496.04","5703.45","Haynesville","2025-08-04","2025-11-28","2026-06-07","PRD-05","82-779-86765-537"
"a0Qak00000ktCdlEAE","FIELD_CUSTOM_VALIDATION_EXCEPTION:Invalid status transition from "Permitted" to "Producing".:--","a0Qak00000ktCdlEAE","Oil","Producing","Shut-In","49191.0","10707.88","7985.37","Eagle Ford","2024-12-10","2025-09-21","2026-06-09","PRD-02","52-126-47261-538"
"a0Qak00000ktCf3EAE","FIELD_CUSTOM_VALIDATION_EXCEPTION:Invalid status transition from "Permitted" to "Producing".:--","a0Qak00000ktCf3EAE","Injection","Producing","Flowing","76829.29","13369.77","8741.44","Eagle Ford","2024-05-15","2025-02-14","2026-06-16","PRD-05","86-773-10760-539"
"a0Qak00000ktCWpEAM","FIELD_CUSTOM_VALIDATION_EXCEPTION:Invalid status transition from "Permitted" to "Plugged".:--","a0Qak00000ktCWpEAM","Oil","Plugged","Shut-In","14287.99","11898.99","10186.02","Bone Spring","2017-11-07","2018-02-11","2026-02-12","PRD-01","92-389-52358-540"
"a0Qak00000ktCb4EAE","FIELD_CUSTOM_VALIDATION_EXCEPTION:Invalid status transition from "Permitted" to "Suspended".:--","a0Qak00000ktCb4EAE","Oil","Suspended","Shut-In","8433.77","15227.5","9629.76","Haynesville","2022-01-31","2022-07-02","2026-05-31","PRD-07","21-121-37292-541"
"a0Qak00000ktCfMEAU","FIELD_CUSTOM_VALIDATION_EXCEPTION:Invalid status transition from "Permitted" to "Producing".:--","a0Qak00000ktCfMEAU","Gas","Producing","Artificial Lift","33520.83","12525.59","10382.74","Eagle Ford","2024-10-22","2025-07-30","2026-06-05","PRD-07","49-801-89103-542"
"a0Qak00000ktCZTEA2","FIELD_CUSTOM_VALIDATION_EXCEPTION:Invalid status transition from "Permitted" to "Shut-In".:--","a0Qak00000ktCZTEA2","Oil","Shut-In","Artificial Lift","6677.25","8485.26","6106.08","Barnett","2016-07-08","2016-11-29","2025-07-04","PRD-03","73-639-92517-544"
"a0Qak00000ktCamEAE","FIELD_CUSTOM_VALIDATION_EXCEPTION:Invalid status transition from "Permitted" to "Shut-In".:--","a0Qak00000ktCamEAE","Oil","Shut-In","Artificial Lift","7289.18","8950.2","7881.01","Haynesville","2022-07-28","2022-10-31","2025-12-29","PRD-04","76-537-48729-545"
"a0Qak00000ktCfGEAU","FIELD_CUSTOM_VALIDATION_EXCEPTION:Invalid status transition from "Permitted" to "Producing".:--","a0Qak00000ktCfGEAU","Oil","Producing","Flowing","74624.63","10134.15","7891.75","Woodford","2025-06-02","2026-02-24","2026-06-09","PRD-05","55-360-86751-546"
"a0Qak00000ktCYREA2","FIELD_CUSTOM_VALIDATION_EXCEPTION:Invalid status transition from "Permitted" to "Suspended".:--","a0Qak00000ktCYREA2","Oil","Suspended","Artificial Lift","11237.48","13554.55","11862.43","Tuscaloosa","2019-12-12","2020-02-03","2026-06-28","PRD-07","48-421-86966-547"
"a0Qak00000ktCfREAU","FIELD_CUSTOM_VALIDATION_EXCEPTION:Invalid status transition from "Permitted" to "Producing".:--","a0Qak00000ktCfREAU","Injection","Producing","Flowing","40670.7","5133.05","4258.02","Barnett","2024-05-09","2025-04-12","2026-06-07","PRD-08","48-733-90837-549"
"a0Qak00000ktCabEAE","FIELD_CUSTOM_VALIDATION_EXCEPTION:Invalid status transition from "Permitted" to "Shut-In".:--","a0Qak00000ktCabEAE","Oil","Shut-In","Abandoned","10288.98","17655.69","11134.95","Permian Basin","2023-12-30","2024-05-05","2026-04-04","PRD-01","99-292-13514-550"
"a0Qak00000ktCdOEAU","FIELD_CUSTOM_VALIDATION_EXCEPTION:Invalid status transition from "Permitted" to "Producing".:--","a0Qak00000ktCdOEAU","Water Disposal","Producing","Artificial Lift","57233.09","9357.88","7665.23","Spraberry","2024-07-22","2024-11-26","2026-06-28","PRD-05","69-251-72126-551"
"a0Qak00000ktCcKEAU","FIELD_CUSTOM_VALIDATION_EXCEPTION:Invalid status transition from "Permitted" to "Producing".:--","a0Qak00000ktCcKEAU","Water Disposal","Producing","Flowing","55976.64","12130.93","11437.29","Tuscaloosa","2024-02-18","2025-01-09","2026-06-11","PRD-05","14-599-62386-553"
"a0Qak00000ktCVvEAM","FIELD_CUSTOM_VALIDATION_EXCEPTION:Invalid status transition from "Permitted" to "Shut-In".:--","a0Qak00000ktCVvEAM","Oil","Shut-In","Shut-In","14061.57","18860.88","17044.05","Marcellus","2022-12-30","2023-10-26","2026-05-22","PRD-07","83-423-82516-554"
"a0Qak00000ktCYbEAM","FIELD_CUSTOM_VALIDATION_EXCEPTION:Invalid status transition from "Permitted" to "Shut-In".:--","a0Qak00000ktCYbEAM","Oil","Shut-In","Artificial Lift","7860.72","15051.9","12639.7","Monterey","2017-01-03","2017-09-29","2026-03-25","PRD-05","59-526-98225-556"
"a0Qak00000ktCZPEA2","FIELD_CUSTOM_VALIDATION_EXCEPTION:Invalid status transition from "Permitted" to "Producing".:--","a0Qak00000ktCZPEA2","Oil","Producing","Flowing","7800.44","17681.79","12699.19","Eagle Ford","2017-03-04","2017-07-28","2026-06-27","PRD-04","72-364-54606-559"
"a0Qak00000ktCiAEAU","FIELD_CUSTOM_VALIDATION_EXCEPTION:Invalid status transition from "Permitted" to "Producing".:--","a0Qak00000ktCiAEAU","Oil","Producing","Flowing","1460.61","6090.63","4732.81","Bone Spring","2026-02-16","2026-06-04","2026-06-10","PRD-06","52-938-28058-562"
"a0Qak00000ktCYdEAM","FIELD_CUSTOM_VALIDATION_EXCEPTION:Invalid status transition from "Permitted" to "Suspended".:--","a0Qak00000ktCYdEAM","Oil","Suspended","Artificial Lift","6528.37","17228.4","11816.28","Spraberry","2018-08-17","2019-03-09","2026-06-21","PRD-03","20-372-58815-563"
"a0Qak00000ktCZnEAM","FIELD_CUSTOM_VALIDATION_EXCEPTION:Invalid status transition from "Permitted" to "Suspended".:--","a0Qak00000ktCZnEAM","Oil","Suspended","Artificial Lift","9626.89","10945.42","9452.71","Fayetteville","2019-05-15","2019-10-08","2026-06-26","PRD-07","62-519-70129-564"
"a0Qak00000ktCjIEAU","FIELD_CUSTOM_VALIDATION_EXCEPTION:Invalid status transition from "Permitted" to "Producing".:--","a0Qak00000ktCjIEAU","Water Disposal","Producing","Artificial Lift","3410.99","9606.18","7251.73","Spraberry","2025-09-06","2026-06-27","2026-05-31","PRD-02","20-446-51262-565"
"a0Qak00000ktCW8EAM","FIELD_CUSTOM_VALIDATION_EXCEPTION:Invalid status transition from "Permitted" to "Plugged".:--","a0Qak00000ktCW8EAM","Oil","Plugged","Artificial Lift","1391.29","17110.31","14219.72","Wolfcamp","2021-12-01","2022-10-21","2026-05-02","PRD-05","63-511-99243-566"
"a0Qak00000ktCWiEAM","FIELD_CUSTOM_VALIDATION_EXCEPTION:Invalid status transition from "Permitted" to "Suspended".:--","a0Qak00000ktCWiEAM","Oil","Suspended","Shut-In","9463.72","13305.73","9591.27","Spraberry","2016-07-28","2017-03-22","2026-06-06","PRD-04","48-186-14845-568"
"a0Qak00000ktCfNEAU","FIELD_CUSTOM_VALIDATION_EXCEPTION:Invalid status transition from "Permitted" to "Producing".:--","a0Qak00000ktCfNEAU","Gas","Producing","Flowing","61727.24","13798.76","10792.9","Fayetteville","2025-03-28","2025-08-14","2026-06-28","PRD-05","76-448-93320-569"
"a0Qak00000ktCeyEAE","FIELD_CUSTOM_VALIDATION_EXCEPTION:Invalid status transition from "Permitted" to "Producing".:--","a0Qak00000ktCeyEAE","Injection","Producing","Artificial Lift","50095.62","7586.9","6762.05","Haynesville","2024-06-10","2025-03-25","2026-06-27","PRD-01","57-365-92180-570"
"a0Qak00000ktCdCEAU","FIELD_CUSTOM_VALIDATION_EXCEPTION:Invalid status transition from "Permitted" to "Producing".:--","a0Qak00000ktCdCEAU","Gas","Producing","Artificial Lift","76187.3","9487.37","7593.24","Bakken","2024-08-02","2025-02-21","2026-06-23","PRD-04","54-406-47294-571"
"a0Qak00000ktCX8EAM","FIELD_CUSTOM_VALIDATION_EXCEPTION:Invalid status transition from "Permitted" to "Suspended".:--","a0Qak00000ktCX8EAM","Oil","Suspended","Shut-In","4090.68","11934.16","9593.03","Tuscaloosa","2019-09-24","2020-06-12","2026-06-27","PRD-03","64-948-64008-572"
"a0Qak00000ktCa0EAE","FIELD_CUSTOM_VALIDATION_EXCEPTION:Invalid status transition from "Permitted" to "Producing".:--","a0Qak00000ktCa0EAE","Oil","Producing","Artificial Lift","13383.38","13715.04","10370.73","Niobrara","2016-02-02","2016-11-27","2026-06-18","PRD-07","43-698-75382-573"
"a0Qak00000ktCYuEAM","FIELD_CUSTOM_VALIDATION_EXCEPTION:Invalid status transition from "Permitted" to "Producing".:--","a0Qak00000ktCYuEAM","Oil","Producing","Shut-In","1084.09","9839.65","7183.08","Niobrara","2020-08-08","2021-02-04","2026-06-15","PRD-01","28-245-87283-576"
"a0Qak00000ktCYCEA2","FIELD_CUSTOM_VALIDATION_EXCEPTION:Invalid status transition from "Permitted" to "Shut-In".:--","a0Qak00000ktCYCEA2","Oil","Shut-In","Artificial Lift","7059.43","12053.88","8824.13","Tuscaloosa","2017-06-10","2017-09-15","2026-03-22","PRD-08","67-783-68861-578"
"a0Qak00000ktChREAU","FIELD_CUSTOM_VALIDATION_EXCEPTION:Invalid status transition from "Permitted" to "Producing".:--","a0Qak00000ktChREAU","Gas","Producing","Artificial Lift","3788.08","9701.05","7592.18","Spraberry","2025-05-17","2026-02-28","2026-06-02","PRD-01","25-774-79711-581"
"a0Qak00000ktCiVEAU","FIELD_CUSTOM_VALIDATION_EXCEPTION:Invalid status transition from "Permitted" to "Producing".:--","a0Qak00000ktCiVEAU","Water Disposal","Producing","Flowing","1029.02","8807.83","7870.86","Utica","2025-12-25","2026-03-08","2026-06-05","PRD-06","61-703-15896-582"
"a0Qak00000ktCZzEAM","FIELD_CUSTOM_VALIDATION_EXCEPTION:Invalid status transition from "Permitted" to "Suspended".:--","a0Qak00000ktCZzEAM","Oil","Suspended","Artificial Lift","6836.75","12979.24","11692.7","Niobrara","2019-10-10","2020-03-19","2026-06-28","PRD-02","22-654-32040-583"
"a0Qak00000ktCXgEAM","FIELD_CUSTOM_VALIDATION_EXCEPTION:Invalid status transition from "Permitted" to "Producing".:--","a0Qak00000ktCXgEAM","Oil","Producing","Artificial Lift","11640.42","9850.73","9193.27","Wolfcamp","2022-06-08","2022-08-07","2026-06-11","PRD-06","33-127-17667-584"
"a0Qak00000ktCbUEAU","FIELD_CUSTOM_VALIDATION_EXCEPTION:Invalid status transition from "Permitted" to "Producing".:--","a0Qak00000ktCbUEAU","Oil","Producing","Artificial Lift","2565.68","18716.13","12919.31","Tuscaloosa","2022-12-27","2023-02-21","2026-06-24","PRD-04","86-700-40997-585"
"a0Qak00000ktCcXEAU","FIELD_CUSTOM_VALIDATION_EXCEPTION:Invalid status transition from "Permitted" to "Producing".:--","a0Qak00000ktCcXEAU","Gas","Producing","Artificial Lift","40028.16","6150.81","3821.01","Barnett","2024-03-18","2024-11-11","2026-06-28","PRD-08","13-517-93039-586"
"a0Qak00000ktCWtEAM","FIELD_CUSTOM_VALIDATION_EXCEPTION:Invalid status transition from "Permitted" to "Plugged".:--","a0Qak00000ktCWtEAM","Oil","Plugged","Artificial Lift","8534.09","15034.07","9554.58","Spraberry","2017-04-13","2018-04-11","2026-03-28","PRD-05","82-516-68455-587"
"a0Qak00000ktCXVEA2","FIELD_CUSTOM_VALIDATION_EXCEPTION:Invalid status transition from "Permitted" to "Producing".:--","a0Qak00000ktCXVEA2","Oil","Producing","Shut-In","3450.13","19614.94","14331.79","Permian Basin","2020-11-29","2021-09-30","2026-05-31","PRD-07","81-562-15477-588"
"a0Qak00000ktCWmEAM","FIELD_CUSTOM_VALIDATION_EXCEPTION:Invalid status transition from "Permitted" to "Producing".:--","a0Qak00000ktCWmEAM","Oil","Producing","Shut-In","12525.89","11470.99","10785.35","Bakken","2023-01-25","2023-10-28","2026-06-22","PRD-05","97-489-56061-589"
"a0Qak00000ktCgCEAU","FIELD_CUSTOM_VALIDATION_EXCEPTION:Invalid status transition from "Permitted" to "Producing".:--","a0Qak00000ktCgCEAU","Water Disposal","Producing","Flowing","53968.39","5158.75","4344.42","Wolfcamp","2025-06-22","2026-05-29","2026-06-15","PRD-01","11-788-32745-592"
"a0Qak00000ktCbjEAE","FIELD_CUSTOM_VALIDATION_EXCEPTION:Invalid status transition from "Permitted" to "Producing".:--","a0Qak00000ktCbjEAE","Oil","Producing","Artificial Lift","46783.49","8927.91","5610.32","Monterey","2023-08-08","2024-08-05","2026-06-28","PRD-01","95-555-98112-593"
"a0Qak00000ktCd0EAE","FIELD_CUSTOM_VALIDATION_EXCEPTION:Invalid status transition from "Permitted" to "Producing".:--","a0Qak00000ktCd0EAE","Gas","Producing","Artificial Lift","68785.34","8579.66","5679.87","Spraberry","2026-02-19","2026-05-23","2026-06-16","PRD-06","34-555-11227-594"
"a0Qak00000ktCXREA2","FIELD_CUSTOM_VALIDATION_EXCEPTION:Invalid status transition from "Permitted" to "Producing".:--","a0Qak00000ktCXREA2","Oil","Producing","Flowing","10751.04","10509.04","7026.66","Tuscaloosa","2016-09-13","2017-05-03","2026-06-27","PRD-05","82-612-74751-596"
"a0Qak00000ktCZ1EAM","FIELD_CUSTOM_VALIDATION_EXCEPTION:Invalid status transition from "Permitted" to "Producing".:--","a0Qak00000ktCZ1EAM","Oil","Producing","Artificial Lift","11212.81","16066.11","13030.26","Permian Basin","2022-11-10","2023-10-07","2026-06-26","PRD-02","26-365-84698-597"
"a0Qak00000ktCZtEAM","FIELD_CUSTOM_VALIDATION_EXCEPTION:Invalid status transition from "Permitted" to "Producing".:--","a0Qak00000ktCZtEAM","Oil","Producing","Flowing","13315.14","10694.58","7457.08","Woodford","2017-10-26","2018-07-12","2026-06-20","PRD-01","60-299-53870-600"
"a0Qak00000ktCdhEAE","FIELD_CUSTOM_VALIDATION_EXCEPTION:Invalid status transition from "Permitted" to "Producing".:--","a0Qak00000ktCdhEAE","Oil","Producing","Flowing","16649.18","12374.44","11660.85","Woodford","2025-10-10","2026-03-16","2026-06-24","PRD-03","52-418-18237-601"
"a0Qak00000ktCfPEAU","FIELD_CUSTOM_VALIDATION_EXCEPTION:Invalid status transition from "Permitted" to "Producing".:--","a0Qak00000ktCfPEAU","Injection","Producing","Flowing","16561.53","12972.21","12028.76","Tuscaloosa","2025-04-14","2025-09-17","2026-06-27","PRD-08","40-448-17134-602"
"a0Qak00000ktCfJEAU","FIELD_CUSTOM_VALIDATION_EXCEPTION:Invalid status transition from "Permitted" to "Producing".:--","a0Qak00000ktCfJEAU","Water Disposal","Producing","Flowing","19739.2","10999.65","8288.07","Eagle Ford","2023-12-15","2024-08-29","2026-06-12","PRD-02","20-162-14370-603"
"a0Qak00000ktCY4EAM","FIELD_CUSTOM_VALIDATION_EXCEPTION:Invalid status transition from "Permitted" to "Producing".:--","a0Qak00000ktCY4EAM","Oil","Producing","Flowing","1442.91","9530.43","8784.11","Barnett","2023-05-19","2023-11-19","2026-06-11","PRD-07","18-204-98809-604"
"a0Qak00000ktCgAEAU","FIELD_CUSTOM_VALIDATION_EXCEPTION:Invalid status transition from "Permitted" to "Producing".:--","a0Qak00000ktCgAEAU","Water Disposal","Producing","Flowing","70245.41","9016.83","7358.24","Woodford","2024-11-03","2025-10-05","2026-06-05","PRD-01","68-493-70844-605"
"a0Qak00000ktCZQEA2","FIELD_CUSTOM_VALIDATION_EXCEPTION:Invalid status transition from "Permitted" to "Suspended".:--","a0Qak00000ktCZQEA2","Oil","Suspended","Shut-In","5424.44","19251.02","16825.88","Barnett","2018-02-26","2018-09-12","2026-06-12","PRD-04","23-205-11610-606"
"a0Qak00000ktCaUEAU","FIELD_CUSTOM_VALIDATION_EXCEPTION:Invalid status transition from "Permitted" to "Producing".:--","a0Qak00000ktCaUEAU","Oil","Producing","Artificial Lift","1139.03","9532.17","7669.42","Fayetteville","2016-08-09","2017-03-10","2026-06-21","PRD-03","28-580-50458-608"
"a0Qak00000ktCZoEAM","FIELD_CUSTOM_VALIDATION_EXCEPTION:Invalid status transition from "Permitted" to "Shut-In".:--","a0Qak00000ktCZoEAM","Oil","Shut-In","Artificial Lift","14568.93","14212.17","11798.76","Permian Basin","2023-06-11","2023-11-09","2025-09-14","PRD-01","64-452-35612-609"
"a0Qak00000ktCfqEAE","FIELD_CUSTOM_VALIDATION_EXCEPTION:Invalid status transition from "Permitted" to "Producing".:--","a0Qak00000ktCfqEAE","Gas","Producing","Flowing","44529.64","12891.91","7925.52","Marcellus","2025-06-05","2026-05-28","2026-06-23","PRD-04","69-738-37936-611"
"a0Qak00000ktCbLEAU","FIELD_CUSTOM_VALIDATION_EXCEPTION:Invalid status transition from "Permitted" to "Shut-In".:--","a0Qak00000ktCbLEAU","Oil","Shut-In","Flowing","12312.46","17687.26","12939.45","Woodford","2022-05-05","2022-06-07","2025-11-27","PRD-01","19-466-13934-612"
"a0Qak00000ktCX0EAM","FIELD_CUSTOM_VALIDATION_EXCEPTION:Invalid status transition from "Permitted" to "Suspended".:--","a0Qak00000ktCX0EAM","Oil","Suspended","Artificial Lift","8540.32","10142.5","6161.79","Tuscaloosa","2021-05-04","2021-07-24","2026-06-30","PRD-03","58-770-24544-614"
"a0Qak00000ktCWrEAM","FIELD_CUSTOM_VALIDATION_EXCEPTION:Invalid status transition from "Permitted" to "Suspended".:--","a0Qak00000ktCWrEAM","Oil","Suspended","Artificial Lift","5983.84","12491.06","10115.79","Wolfcamp","2021-08-11","2021-10-03","2026-06-06","PRD-04","78-401-29472-616"
"a0Qak00000ktCX3EAM","FIELD_CUSTOM_VALIDATION_EXCEPTION:Invalid status transition from "Permitted" to "Producing".:--","a0Qak00000ktCX3EAM","Oil","Producing","Artificial Lift","12036.37","18474.22","16590.33","Utica","2018-08-22","2019-01-06","2026-06-07","PRD-02","70-909-96966-617"
"a0Qak00000ktCW0EAM","FIELD_CUSTOM_VALIDATION_EXCEPTION:Invalid status transition from "Permitted" to "Shut-In".:--","a0Qak00000ktCW0EAM","Oil","Shut-In","Artificial Lift","6127.68","18589.07","16040.47","Niobrara","2018-02-05","2018-11-27","2025-10-06","PRD-03","51-829-59005-618"
"a0Qak00000ktCZgEAM","FIELD_CUSTOM_VALIDATION_EXCEPTION:Invalid status transition from "Permitted" to "Shut-In".:--","a0Qak00000ktCZgEAM","Oil","Shut-In","Artificial Lift","8967.45","13583.04","11102.7","Woodford","2018-09-14","2019-06-10","2025-10-22","PRD-07","57-923-75213-621"
"a0Qak00000ktCf2EAE","FIELD_CUSTOM_VALIDATION_EXCEPTION:Invalid status transition from "Permitted" to "Producing".:--","a0Qak00000ktCf2EAE","Oil","Producing","Flowing","26671.77","7337.9","6060.18","Niobrara","2025-09-09","2026-03-08","2026-06-04","PRD-02","45-333-22898-622"
"a0Qak00000ktCfbEAE","FIELD_CUSTOM_VALIDATION_EXCEPTION:Invalid status transition from "Permitted" to "Producing".:--","a0Qak00000ktCfbEAE","Injection","Producing","Flowing","28019.93","6966.46","4982.65","Haynesville","2024-01-13","2024-07-01","2026-06-24","PRD-03","79-367-11118-623"
"a0Qak00000ktCWEEA2","FIELD_CUSTOM_VALIDATION_EXCEPTION:Invalid status transition from "Permitted" to "Producing".:--","a0Qak00000ktCWEEA2","Oil","Producing","Artificial Lift","14954.21","19349.78","17175.86","Spraberry","2017-01-18","2017-02-23","2026-06-15","PRD-03","60-333-39743-624"
"a0Qak00000ktCbTEAU","FIELD_CUSTOM_VALIDATION_EXCEPTION:Invalid status transition from "Permitted" to "Suspended".:--","a0Qak00000ktCbTEAU","Oil","Suspended","Artificial Lift","3888.99","15044.04","11936.17","Barnett","2018-10-07","2019-04-29","2026-06-05","PRD-02","50-966-34621-625"
"a0Qak00000ktCZbEAM","FIELD_CUSTOM_VALIDATION_EXCEPTION:Invalid status transition from "Permitted" to "Suspended".:--","a0Qak00000ktCZbEAM","Oil","Suspended","Flowing","5427.42","13029.77","10945.23","Woodford","2015-12-02","2016-10-02","2026-06-21","PRD-06","85-123-84393-627"
"a0Qak00000ktCZyEAM","FIELD_CUSTOM_VALIDATION_EXCEPTION:Invalid status transition from "Permitted" to "Suspended".:--","a0Qak00000ktCZyEAM","Oil","Suspended","Flowing","2728.52","19431.65","13905.05","Wolfcamp","2016-10-20","2017-09-26","2026-06-12","PRD-07","58-309-61201-628"
"a0Qak00000ktCXsEAM","FIELD_CUSTOM_VALIDATION_EXCEPTION:Invalid status transition from "Permitted" to "Producing".:--","a0Qak00000ktCXsEAM","Oil","Producing","Artificial Lift","7384.28","11946.1","11189.65","Wolfcamp","2020-11-14","2021-01-30","2026-06-25","PRD-02","96-666-33283-629"
"a0Qak00000ktCdLEAU","FIELD_CUSTOM_VALIDATION_EXCEPTION:Invalid status transition from "Permitted" to "Producing".:--","a0Qak00000ktCdLEAU","Water Disposal","Producing","Artificial Lift","46759.87","6866.92","4287.17","Woodford","2025-04-01","2025-08-14","2026-06-23","PRD-05","94-636-19172-630"
"a0Qak00000ktCeQEAU","FIELD_CUSTOM_VALIDATION_EXCEPTION:Invalid status transition from "Permitted" to "Producing".:--","a0Qak00000ktCeQEAU","Water Disposal","Producing","Flowing","26168.67","13597.07","10113.52","Permian Basin","2025-11-03","2026-02-07","2026-06-13","PRD-07","71-860-19012-631"
"a0Qak00000ktCgfEAE","FIELD_CUSTOM_VALIDATION_EXCEPTION:Invalid status transition from "Permitted" to "Producing".:--","a0Qak00000ktCgfEAE","Water Disposal","Producing","Artificial Lift","32903.66","5074.43","3298.09","Eagle Ford","2024-05-14","2025-04-18","2026-06-05","PRD-04","77-436-84609-633"
"a0Qak00000ktCb2EAE","FIELD_CUSTOM_VALIDATION_EXCEPTION:Invalid status transition from "Permitted" to "Shut-In".:--","a0Qak00000ktCb2EAE","Oil","Shut-In","Flowing","3159.94","14823.38","10935.84","Bakken","2021-07-05","2021-10-23","2026-01-11","PRD-05","95-168-38476-635"
"a0Qak00000ktCZCEA2","FIELD_CUSTOM_VALIDATION_EXCEPTION:Invalid status transition from "Permitted" to "Plugged".:--","a0Qak00000ktCZCEA2","Oil","Plugged","Artificial Lift","11546.98","9454.77","6893.06","Spraberry","2022-07-13","2023-04-27","2025-12-16","PRD-07","67-268-43130-636"
"a0Qak00000ktCgdEAE","FIELD_CUSTOM_VALIDATION_EXCEPTION:Invalid status transition from "Permitted" to "Producing".:--","a0Qak00000ktCgdEAE","Oil","Producing","Flowing","16736.66","11388.67","9526.25","Barnett","2024-10-13","2025-05-06","2026-06-07","PRD-07","34-506-14951-637"
"a0Qak00000ktCfuEAE","FIELD_CUSTOM_VALIDATION_EXCEPTION:Invalid status transition from "Permitted" to "Producing".:--","a0Qak00000ktCfuEAE","Water Disposal","Producing","Flowing","17238.91","11750.44","7939.28","Bone Spring","2025-04-23","2026-04-13","2026-06-05","PRD-02","59-806-50412-640"
"a0Qak00000ktCebEAE","FIELD_CUSTOM_VALIDATION_EXCEPTION:Invalid status transition from "Permitted" to "Producing".:--","a0Qak00000ktCebEAE","Injection","Producing","Flowing","65206.63","12671.14","11721.91","Niobrara","2025-05-20","2025-09-29","2026-06-28","PRD-01","63-128-11908-641"
"a0Qak00000ktChZEAU","FIELD_CUSTOM_VALIDATION_EXCEPTION:Invalid status transition from "Permitted" to "Producing".:--","a0Qak00000ktChZEAU","Oil","Producing","Artificial Lift","315.86","9711.22","6155.08","Tuscaloosa","2025-09-17","2026-01-10","2026-06-07","PRD-03","15-525-77174-642"
"a0Qak00000ktCYcEAM","FIELD_CUSTOM_VALIDATION_EXCEPTION:Invalid status transition from "Permitted" to "Suspended".:--","a0Qak00000ktCYcEAM","Oil","Suspended","Artificial Lift","9588.4","15496.08","14365.09","Woodford","2019-06-14","2019-09-13","2026-06-23","PRD-04","23-465-52384-643"
"a0Qak00000ktCexEAE","FIELD_CUSTOM_VALIDATION_EXCEPTION:Invalid status transition from "Permitted" to "Producing".:--","a0Qak00000ktCexEAE","Water Disposal","Producing","Flowing","35555.61","8891.87","6762.9","Eagle Ford","2024-02-06","2024-07-27","2026-06-10","PRD-06","15-168-38647-644"
"a0Qak00000ktCdjEAE","FIELD_CUSTOM_VALIDATION_EXCEPTION:Invalid status transition from "Permitted" to "Producing".:--","a0Qak00000ktCdjEAE","Water Disposal","Producing","Flowing","78901.66","6018.14","4740.27","Monterey","2024-07-01","2024-10-26","2026-06-22","PRD-02","86-432-92689-645"
"a0Qak00000ktCY0EAM","FIELD_CUSTOM_VALIDATION_EXCEPTION:Invalid status transition from "Permitted" to "Shut-In".:--","a0Qak00000ktCY0EAM","Oil","Shut-In","Abandoned","10558.95","11984.56","9855.79","Monterey","2016-04-05","2016-10-14","2025-09-27","PRD-02","52-118-89761-646"
"a0Qak00000ktCXxEAM","FIELD_CUSTOM_VALIDATION_EXCEPTION:Invalid status transition from "Permitted" to "Plugged".:--","a0Qak00000ktCXxEAM","Oil","Plugged","Artificial Lift","7909.88","16901.77","13119.1","Bone Spring","2023-12-10","2024-05-07","2026-05-21","PRD-02","49-342-66164-647"
"a0Qak00000ktCX1EAM","FIELD_CUSTOM_VALIDATION_EXCEPTION:Invalid status transition from "Permitted" to "Suspended".:--","a0Qak00000ktCX1EAM","Oil","Suspended","Artificial Lift","4532.83","15723.22","13619.03","Fayetteville","2018-11-09","2019-11-05","2026-06-04","PRD-05","13-334-53420-649"
"a0Qak00000ktCduEAE","FIELD_CUSTOM_VALIDATION_EXCEPTION:Invalid status transition from "Permitted" to "Producing".:--","a0Qak00000ktCduEAE","Water Disposal","Producing","Flowing","18514.81","14176.78","13410.27","Spraberry","2024-11-09","2025-10-16","2026-06-03","PRD-07","76-429-34057-650"
"a0Qak00000ktCXIEA2","FIELD_CUSTOM_VALIDATION_EXCEPTION:Invalid status transition from "Permitted" to "Shut-In".:--","a0Qak00000ktCXIEA2","Oil","Shut-In","Artificial Lift","7628.81","19443.93","12020.96","Permian Basin","2021-12-13","2022-03-17","2026-04-15","PRD-03","85-662-36787-651"
"a0Qak00000ktCjAEAU","FIELD_CUSTOM_VALIDATION_EXCEPTION:Invalid status transition from "Permitted" to "Producing".:--","a0Qak00000ktCjAEAU","Water Disposal","Producing","Flowing","4312.13","6368.19","5940.6","Niobrara","2025-08-09","2026-03-20","2026-06-25","PRD-08","66-532-76229-653"
"a0Qak00000ktCZrEAM","FIELD_CUSTOM_VALIDATION_EXCEPTION:Invalid status transition from "Permitted" to "Suspended".:--","a0Qak00000ktCZrEAM","Oil","Suspended","Flowing","12006.6","8237.73","6042.35","Tuscaloosa","2023-01-24","2023-07-26","2026-06-11","PRD-03","80-844-33029-654"
"a0Qak00000ktCWqEAM","FIELD_CUSTOM_VALIDATION_EXCEPTION:Invalid status transition from "Permitted" to "Producing".:--","a0Qak00000ktCWqEAM","Oil","Producing","Shut-In","7077.25","12501.76","10152.79","Eagle Ford","2020-06-28","2020-10-05","2026-06-08","PRD-08","35-258-34854-655"
"a0Qak00000ktCZqEAM","FIELD_CUSTOM_VALIDATION_EXCEPTION:Invalid status transition from "Permitted" to "Producing".:--","a0Qak00000ktCZqEAM","Oil","Producing","Flowing","11090.35","12491.09","9263.32","Woodford","2019-06-20","2020-01-27","2026-06-18","PRD-08","49-756-87110-656"
"a0Qak00000ktCaxEAE","FIELD_CUSTOM_VALIDATION_EXCEPTION:Invalid status transition from "Permitted" to "Producing".:--","a0Qak00000ktCaxEAE","Oil","Producing","Flowing","14890.85","9493.73","8793.52","Permian Basin","2021-08-17","2022-04-27","2026-05-31","PRD-05","54-621-74044-657"
"a0Qak00000ktCbsEAE","FIELD_CUSTOM_VALIDATION_EXCEPTION:Invalid status transition from "Permitted" to "Producing".:--","a0Qak00000ktCbsEAE","Oil","Producing","Flowing","18750.8","8853.33","6625.96","Marcellus","2024-12-25","2025-09-25","2026-06-29","PRD-06","90-823-98660-658"
"a0Qak00000ktCWCEA2","FIELD_CUSTOM_VALIDATION_EXCEPTION:Invalid status transition from "Permitted" to "Producing".:--","a0Qak00000ktCWCEA2","Oil","Producing","Shut-In","13564.44","14222.44","9473.4","Woodford","2021-12-16","2022-08-21","2026-06-22","PRD-05","74-645-96309-660"
"a0Qak00000ktCbEEAU","FIELD_CUSTOM_VALIDATION_EXCEPTION:Invalid status transition from "Permitted" to "Shut-In".:--","a0Qak00000ktCbEEAU","Oil","Shut-In","Artificial Lift","2941.78","13900.68","8811.71","Spraberry","2016-01-09","2016-09-08","2025-09-05","PRD-07","93-395-66485-662"
"a0Qak00000ktCfmEAE","FIELD_CUSTOM_VALIDATION_EXCEPTION:Invalid status transition from "Permitted" to "Producing".:--","a0Qak00000ktCfmEAE","Gas","Producing","Flowing","60763.07","6980.21","4632.73","Eagle Ford","2024-04-10","2025-02-24","2026-06-04","PRD-04","33-305-17730-663"
"a0Qak00000ktCVtEAM","FIELD_CUSTOM_VALIDATION_EXCEPTION:Invalid status transition from "Permitted" to "Suspended".:--","a0Qak00000ktCVtEAM","Oil","Suspended","Artificial Lift","14752.73","18459.39","13923.1","Monterey","2017-04-06","2017-06-30","2026-06-03","PRD-03","20-400-21233-664"
"a0Qak00000ktCeeEAE","FIELD_CUSTOM_VALIDATION_EXCEPTION:Invalid status transition from "Permitted" to "Producing".:--","a0Qak00000ktCeeEAE","Oil","Producing","Flowing","37239.87","10856.46","8329.77","Wolfcamp","2026-01-14","2026-02-17","2026-06-29","PRD-05","10-781-86342-665"
"a0Qak00000ktCenEAE","FIELD_CUSTOM_VALIDATION_EXCEPTION:Invalid status transition from "Permitted" to "Producing".:--","a0Qak00000ktCenEAE","Injection","Producing","Flowing","15472.03","11029.85","10427.77","Spraberry","2024-11-27","2025-09-01","2026-06-15","PRD-06","87-539-54112-666"
"a0Qak00000ktCYYEA2","FIELD_CUSTOM_VALIDATION_EXCEPTION:Invalid status transition from "Permitted" to "Shut-In".:--","a0Qak00000ktCYYEA2","Oil","Shut-In","Artificial Lift","5070.75","10875.16","7899.97","Woodford","2019-04-26","2020-04-02","2026-05-02","PRD-06","52-925-23130-667"
"a0Qak00000ktCc3EAE","FIELD_CUSTOM_VALIDATION_EXCEPTION:Invalid status transition from "Permitted" to "Producing".:--","a0Qak00000ktCc3EAE","Injection","Producing","Artificial Lift","41117.54","13354.21","12336.12","Bakken","2024-06-22","2024-09-22","2026-06-03","PRD-05","99-869-42576-668"
"a0Qak00000ktCi6EAE","FIELD_CUSTOM_VALIDATION_EXCEPTION:Invalid status transition from "Permitted" to "Producing".:--","a0Qak00000ktCi6EAE","Water Disposal","Producing","Shut-In","3924.31","8016.66","4899.07","Barnett","2025-12-05","2026-06-07","2026-06-04","PRD-08","31-556-25162-671"
"a0Qak00000ktCaoEAE","FIELD_CUSTOM_VALIDATION_EXCEPTION:Invalid status transition from "Permitted" to "Plugged".:--","a0Qak00000ktCaoEAE","Oil","Plugged","Flowing","9209.85","15727.84","11512.05","Bone Spring","2019-03-22","2020-03-20","2025-07-07","PRD-07","39-328-43959-674"
"a0Qak00000ktCgDEAU","FIELD_CUSTOM_VALIDATION_EXCEPTION:Invalid status transition from "Permitted" to "Producing".:--","a0Qak00000ktCgDEAU","Oil","Producing","Flowing","20794.06","12405.81","11512.89","Bone Spring","2025-03-16","2026-02-02","2026-06-19","PRD-03","50-489-85617-675"
"a0Qak00000ktCXdEAM","FIELD_CUSTOM_VALIDATION_EXCEPTION:Invalid status transition from "Permitted" to "Producing".:--","a0Qak00000ktCXdEAM","Oil","Producing","Shut-In","3252.94","12657.75","9471.72","Spraberry","2020-02-23","2020-05-27","2026-06-14","PRD-04","23-504-11204-676"
"a0Qak00000ktCeGEAU","FIELD_CUSTOM_VALIDATION_EXCEPTION:Invalid status transition from "Permitted" to "Producing".:--","a0Qak00000ktCeGEAU","Oil","Producing","Flowing","24405.55","14428.9","12885.38","Barnett","2023-10-15","2024-07-04","2026-06-26","PRD-05","28-864-97208-677"
"a0Qak00000ktCYpEAM","FIELD_CUSTOM_VALIDATION_EXCEPTION:Invalid status transition from "Permitted" to "Shut-In".:--","a0Qak00000ktCYpEAM","Oil","Shut-In","Artificial Lift","14859.86","9481.57","8997.03","Bone Spring","2017-04-24","2018-01-23","2025-07-12","PRD-04","73-398-59375-678"
"a0Qak00000ktCe9EAE","FIELD_CUSTOM_VALIDATION_EXCEPTION:Invalid status transition from "Permitted" to "Producing".:--","a0Qak00000ktCe9EAE","Injection","Producing","Artificial Lift","24925.65","12167.66","10912.26","Monterey","2025-08-18","2025-10-13","2026-06-01","PRD-03","72-844-61355-679"
"a0Qak00000ktChUEAU","FIELD_CUSTOM_VALIDATION_EXCEPTION:Invalid status transition from "Permitted" to "Producing".:--","a0Qak00000ktChUEAU","Injection","Producing","Artificial Lift","4242.59","9937.44","7868.27","Niobrara","2025-06-14","2026-03-13","2026-06-19","PRD-07","60-173-79185-680"
"a0Qak00000ktCVwEAM","FIELD_CUSTOM_VALIDATION_EXCEPTION:Invalid status transition from "Permitted" to "Producing".:--","a0Qak00000ktCVwEAM","Oil","Producing","Flowing","10666.08","14576.12","9242.16","Niobrara","2017-10-31","2017-12-27","2026-06-03","PRD-05","68-770-31455-681"
"a0Qak00000ktCYUEA2","FIELD_CUSTOM_VALIDATION_EXCEPTION:Invalid status transition from "Permitted" to "Producing".:--","a0Qak00000ktCYUEA2","Oil","Producing","Abandoned","10351.96","10018.68","6208.74","Niobrara","2018-11-08","2019-03-09","2026-05-31","PRD-01","25-627-95209-683"
"a0Qak00000ktCd4EAE","FIELD_CUSTOM_VALIDATION_EXCEPTION:Invalid status transition from "Permitted" to "Producing".:--","a0Qak00000ktCd4EAE","Water Disposal","Producing","Flowing","24656.94","12225.5","8383.64","Eagle Ford","2025-02-06","2025-09-27","2026-06-15","PRD-05","98-710-32608-684"
"a0Qak00000ktCiaEAE","FIELD_CUSTOM_VALIDATION_EXCEPTION:Invalid status transition from "Permitted" to "Producing".:--","a0Qak00000ktCiaEAE","Oil","Producing","Shut-In","3353.68","3627.28","2765.02","Tuscaloosa","2025-06-03","2026-01-14","2026-06-22","PRD-08","57-111-25728-685"
"a0Qak00000ktCgTEAU","FIELD_CUSTOM_VALIDATION_EXCEPTION:Invalid status transition from "Permitted" to "Producing".:--","a0Qak00000ktCgTEAU","Gas","Producing","Flowing","67792.76","9885.63","7726.76","Utica","2023-11-29","2024-11-26","2026-06-27","PRD-04","94-220-33680-688"
"a0Qak00000ktCXmEAM","FIELD_CUSTOM_VALIDATION_EXCEPTION:Invalid status transition from "Permitted" to "Shut-In".:--","a0Qak00000ktCXmEAM","Oil","Shut-In","Shut-In","8078.66","19832.23","14343.48","Fayetteville","2018-05-25","2018-10-09","2026-04-11","PRD-01","40-137-34651-691"
"a0Qak00000ktCW4EAM","FIELD_CUSTOM_VALIDATION_EXCEPTION:Invalid status transition from "Permitted" to "Producing".:--","a0Qak00000ktCW4EAM","Oil","Producing","Flowing","3620.59","9610.5","7623.29","Utica","2020-01-01","2020-06-21","2026-06-26","PRD-07","19-663-43419-692"
"a0Qak00000ktCf1EAE","FIELD_CUSTOM_VALIDATION_EXCEPTION:Invalid status transition from "Permitted" to "Producing".:--","a0Qak00000ktCf1EAE","Gas","Producing","Artificial Lift","25615.76","9560.68","8897.73","Wolfcamp","2024-12-09","2025-03-22","2026-06-13","PRD-04","19-744-45310-693"
"a0Qak00000ktCa2EAE","FIELD_CUSTOM_VALIDATION_EXCEPTION:Invalid status transition from "Permitted" to "Suspended".:--","a0Qak00000ktCa2EAE","Oil","Suspended","Shut-In","9892.68","14137.13","9293.96","Tuscaloosa","2022-04-03","2022-10-11","2026-06-05","PRD-07","58-126-89116-694"
"a0Qak00000ktCecEAE","FIELD_CUSTOM_VALIDATION_EXCEPTION:Invalid status transition from "Permitted" to "Producing".:--","a0Qak00000ktCecEAE","Injection","Producing","Flowing","49545.56","11839.79","8789.55","Niobrara","2024-05-31","2024-08-14","2026-06-19","PRD-06","44-249-39591-695"
"a0Qak00000ktCdcEAE","FIELD_CUSTOM_VALIDATION_EXCEPTION:Invalid status transition from "Permitted" to "Producing".:--","a0Qak00000ktCdcEAE","Oil","Producing","Flowing","77970.28","8786.32","5594.7","Monterey","2025-09-28","2026-01-25","2026-06-14","PRD-05","85-941-74175-696"
"a0Qak00000ktCcBEAU","FIELD_CUSTOM_VALIDATION_EXCEPTION:Invalid status transition from "Permitted" to "Producing".:--","a0Qak00000ktCcBEAU","Injection","Producing","Flowing","15617.34","10135.65","6632.99","Permian Basin","2025-05-27","2026-01-05","2026-06-12","PRD-05","16-842-93780-698"
"a0Qak00000ktCWwEAM","FIELD_CUSTOM_VALIDATION_EXCEPTION:Invalid status transition from "Permitted" to "Shut-In".:--","a0Qak00000ktCWwEAM","Oil","Shut-In","Artificial Lift","4932.09","17246.94","15450.43","Wolfcamp","2023-06-02","2023-08-10","2026-01-29","PRD-02","31-689-17525-700"
"a0Qak00000ktCfjEAE","FIELD_CUSTOM_VALIDATION_EXCEPTION:Invalid status transition from "Permitted" to "Producing".:--","a0Qak00000ktCfjEAE","Oil","Producing","Flowing","75423.29","13083.47","7899.06","Woodford","2023-09-21","2024-07-07","2026-06-01","PRD-03","71-609-77503-701"
"a0Qak00000ktCh7EAE","FIELD_CUSTOM_VALIDATION_EXCEPTION:Invalid status transition from "Permitted" to "Producing".:--","a0Qak00000ktCh7EAE","Oil","Producing","Flowing","23665.72","8532.92","5271.79","Barnett","2025-01-11","2025-05-08","2026-06-19","PRD-02","53-795-42737-703"
"a0Qak00000ktCgFEAU","FIELD_CUSTOM_VALIDATION_EXCEPTION:Invalid status transition from "Permitted" to "Producing".:--","a0Qak00000ktCgFEAU","Gas","Producing","Artificial Lift","36355.87","8538.93","5138.76","Monterey","2025-04-01","2025-11-22","2026-06-19","PRD-01","22-541-74493-705"
"a0Qak00000ktCYPEA2","FIELD_CUSTOM_VALIDATION_EXCEPTION:Invalid status transition from "Permitted" to "Producing".:--","a0Qak00000ktCYPEA2","Oil","Producing","Shut-In","2728.8","9486.11","7309.94","Permian Basin","2016-09-13","2017-02-18","2026-06-23","PRD-08","60-483-49227-706"
"a0Qak00000ktCXhEAM","FIELD_CUSTOM_VALIDATION_EXCEPTION:Invalid status transition from "Permitted" to "Producing".:--","a0Qak00000ktCXhEAM","Oil","Producing","Flowing","8278.2","11233.78","10630.29","Wolfcamp","2019-04-07","2019-07-28","2026-06-26","PRD-06","65-105-57085-707"
"a0Qak00000ktCWfEAM","FIELD_CUSTOM_VALIDATION_EXCEPTION:Invalid status transition from "Permitted" to "Suspended".:--","a0Qak00000ktCWfEAM","Oil","Suspended","Shut-In","2104.65","11418.8","7385.54","Woodford","2020-08-28","2020-10-13","2026-06-25","PRD-04","71-781-44838-708"
"a0Qak00000ktCXOEA2","FIELD_CUSTOM_VALIDATION_EXCEPTION:Invalid status transition from "Permitted" to "Producing".:--","a0Qak00000ktCXOEA2","Oil","Producing","Shut-In","7685.73","16180.84","10430.2","Spraberry","2019-03-26","2020-01-06","2026-06-07","PRD-07","26-212-24139-709"
"a0Qak00000ktCeIEAU","FIELD_CUSTOM_VALIDATION_EXCEPTION:Invalid status transition from "Permitted" to "Producing".:--","a0Qak00000ktCeIEAU","Water Disposal","Producing","Artificial Lift","31103.57","6524.96","5082.51","Marcellus","2025-05-21","2025-08-17","2026-06-03","PRD-05","99-353-97337-711"
"a0Qak00000ktCYAEA2","FIELD_CUSTOM_VALIDATION_EXCEPTION:Invalid status transition from "Permitted" to "Producing".:--","a0Qak00000ktCYAEA2","Oil","Producing","Shut-In","12244.31","16413.74","12734.06","Permian Basin","2021-06-22","2022-05-20","2026-06-10","PRD-03","39-223-27340-712"
"a0Qak00000ktCcTEAU","FIELD_CUSTOM_VALIDATION_EXCEPTION:Invalid status transition from "Permitted" to "Producing".:--","a0Qak00000ktCcTEAU","Water Disposal","Producing","Flowing","17657.79","5521.31","4751.99","Marcellus","2024-11-14","2025-08-12","2026-06-22","PRD-02","65-289-43064-715"
"a0Qak00000ktCfWEAU","FIELD_CUSTOM_VALIDATION_EXCEPTION:Invalid status transition from "Permitted" to "Producing".:--","a0Qak00000ktCfWEAU","Injection","Producing","Flowing","21297.67","5136.62","4073.95","Tuscaloosa","2025-07-03","2026-01-18","2026-06-19","PRD-06","85-641-89261-716"
"a0Qak00000ktCcxEAE","FIELD_CUSTOM_VALIDATION_EXCEPTION:Invalid status transition from "Permitted" to "Producing".:--","a0Qak00000ktCcxEAE","Oil","Producing","Flowing","52981.27","5872.31","3742.0","Wolfcamp","2024-06-23","2024-09-22","2026-06-29","PRD-04","34-821-68427-717"
"a0Qak00000ktCfXEAU","FIELD_CUSTOM_VALIDATION_EXCEPTION:Invalid status transition from "Permitted" to "Producing".:--","a0Qak00000ktCfXEAU","Injection","Producing","Flowing","37288.37","12253.51","11596.42","Marcellus","2024-08-15","2024-12-01","2026-06-29","PRD-03","34-528-82154-718"
"a0Qak00000ktCaEEAU","FIELD_CUSTOM_VALIDATION_EXCEPTION:Invalid status transition from "Permitted" to "Suspended".:--","a0Qak00000ktCaEEAU","Oil","Suspended","Flowing","12768.28","14724.15","10624.49","Niobrara","2018-07-04","2019-06-21","2026-06-08","PRD-02","65-169-73284-719"
"a0Qak00000ktCemEAE","FIELD_CUSTOM_VALIDATION_EXCEPTION:Invalid status transition from "Permitted" to "Producing".:--","a0Qak00000ktCemEAE","Water Disposal","Producing","Shut-In","47751.51","5218.75","4225.64","Bone Spring","2025-07-25","2026-01-19","2026-06-29","PRD-01","98-294-62100-720"
"a0Qak00000ktCZxEAM","FIELD_CUSTOM_VALIDATION_EXCEPTION:Invalid status transition from "Permitted" to "Shut-In".:--","a0Qak00000ktCZxEAM","Oil","Shut-In","Shut-In","628.49","19143.53","14921.97","Fayetteville","2015-09-30","2016-07-24","2026-01-19","PRD-05","38-403-45194-722"
"a0Qak00000ktCaGEAU","FIELD_CUSTOM_VALIDATION_EXCEPTION:Invalid status transition from "Permitted" to "Producing".:--","a0Qak00000ktCaGEAU","Oil","Producing","Artificial Lift","9274.81","12429.32","7819.73","Bone Spring","2017-11-20","2018-05-04","2026-06-07","PRD-03","62-726-48652-724"
"a0Qak00000ktCYFEA2","FIELD_CUSTOM_VALIDATION_EXCEPTION:Invalid status transition from "Permitted" to "Producing".:--","a0Qak00000ktCYFEA2","Oil","Producing","Artificial Lift","12330.87","17887.18","12105.11","Haynesville","2022-01-28","2022-07-08","2026-06-30","PRD-02","98-491-95698-725"
"a0Qak00000ktCdSEAU","FIELD_CUSTOM_VALIDATION_EXCEPTION:Invalid status transition from "Permitted" to "Producing".:--","a0Qak00000ktCdSEAU","Water Disposal","Producing","Artificial Lift","54282.21","7061.59","5329.84","Niobrara","2025-04-17","2025-08-29","2026-06-12","PRD-07","29-556-40372-726"
"a0Qak00000ktCgVEAU","FIELD_CUSTOM_VALIDATION_EXCEPTION:Invalid status transition from "Permitted" to "Producing".:--","a0Qak00000ktCgVEAU","Oil","Producing","Shut-In","21089.92","6815.14","4530.43","Tuscaloosa","2025-07-29","2025-12-02","2026-06-12","PRD-08","33-763-46968-727"
"a0Qak00000ktCcQEAU","FIELD_CUSTOM_VALIDATION_EXCEPTION:Invalid status transition from "Permitted" to "Producing".:--","a0Qak00000ktCcQEAU","Gas","Producing","Artificial Lift","68137.45","11873.67","7904.86","Permian Basin","2025-07-14","2026-03-19","2026-06-23","PRD-08","92-512-23137-728"
"a0Qak00000ktCgiEAE","FIELD_CUSTOM_VALIDATION_EXCEPTION:Invalid status transition from "Permitted" to "Producing".:--","a0Qak00000ktCgiEAE","Water Disposal","Producing","Artificial Lift","15877.3","14663.61","13712.91","Eagle Ford","2024-05-03","2024-11-22","2026-06-03","PRD-02","35-242-72970-730"
"a0Qak00000ktCZOEA2","FIELD_CUSTOM_VALIDATION_EXCEPTION:Invalid status transition from "Permitted" to "Suspended".:--","a0Qak00000ktCZOEA2","Oil","Suspended","Artificial Lift","7444.17","10925.71","8633.87","Haynesville","2016-08-13","2017-06-17","2026-06-27","PRD-01","15-205-81387-731"
"a0Qak00000ktCb5EAE","FIELD_CUSTOM_VALIDATION_EXCEPTION:Invalid status transition from "Permitted" to "Producing".:--","a0Qak00000ktCb5EAE","Oil","Producing","Shut-In","12629.01","9702.02","8918.66","Bakken","2021-04-11","2021-12-15","2026-06-18","PRD-03","55-771-47597-732"
"a0Qak00000ktCfFEAU","FIELD_CUSTOM_VALIDATION_EXCEPTION:Invalid status transition from "Permitted" to "Producing".:--","a0Qak00000ktCfFEAU","Oil","Producing","Artificial Lift","40008.35","13842.24","12291.56","Eagle Ford","2024-09-19","2025-01-13","2026-06-27","PRD-04","23-388-56833-733"
"a0Qak00000ktCZNEA2","FIELD_CUSTOM_VALIDATION_EXCEPTION:Invalid status transition from "Permitted" to "Shut-In".:--","a0Qak00000ktCZNEA2","Oil","Shut-In","Artificial Lift","13888.13","19038.48","17390.8","Utica","2022-06-22","2022-10-21","2025-10-24","PRD-06","86-285-99054-734"
"a0Qak00000ktCWyEAM","FIELD_CUSTOM_VALIDATION_EXCEPTION:Invalid status transition from "Permitted" to "Shut-In".:--","a0Qak00000ktCWyEAM","Oil","Shut-In","Flowing","10463.83","15497.1","10854.97","Monterey","2022-11-15","2023-05-02","2025-09-18","PRD-06","43-930-20009-735"
"a0Qak00000ktCaJEAU","FIELD_CUSTOM_VALIDATION_EXCEPTION:Invalid status transition from "Permitted" to "Suspended".:--","a0Qak00000ktCaJEAU","Oil","Suspended","Flowing","14681.72","17333.41","11289.36","Permian Basin","2019-05-31","2020-02-13","2026-06-07","PRD-08","18-215-85739-736"
"a0Qak00000ktCcVEAU","FIELD_CUSTOM_VALIDATION_EXCEPTION:Invalid status transition from "Permitted" to "Producing".:--","a0Qak00000ktCcVEAU","Injection","Producing","Artificial Lift","24403.41","8230.53","5305.71","Spraberry","2024-10-04","2025-05-02","2026-06-20","PRD-08","64-592-64256-737"
"a0Qak00000ktCb6EAE","FIELD_CUSTOM_VALIDATION_EXCEPTION:Invalid status transition from "Permitted" to "Producing".:--","a0Qak00000ktCb6EAE","Oil","Producing","Flowing","13863.27","12598.22","9981.18","Fayetteville","2017-09-27","2018-07-06","2026-06-13","PRD-04","59-185-86148-738"
"a0Qak00000ktCZfEAM","FIELD_CUSTOM_VALIDATION_EXCEPTION:Invalid status transition from "Permitted" to "Plugged".:--","a0Qak00000ktCZfEAM","Oil","Plugged","Flowing","1363.87","12192.17","10937.14","Tuscaloosa","2022-06-11","2022-12-08","2025-10-08","PRD-03","80-531-41784-740"
"a0Qak00000ktCWoEAM","FIELD_CUSTOM_VALIDATION_EXCEPTION:Invalid status transition from "Permitted" to "Producing".:--","a0Qak00000ktCWoEAM","Oil","Producing","Artificial Lift","11331.43","9406.83","7934.88","Permian Basin","2020-02-23","2020-04-06","2026-06-08","PRD-07","57-155-23894-741"
"a0Qak00000ktCbFEAU","FIELD_CUSTOM_VALIDATION_EXCEPTION:Invalid status transition from "Permitted" to "Shut-In".:--","a0Qak00000ktCbFEAU","Oil","Shut-In","Artificial Lift","12642.84","18445.72","11262.31","Niobrara","2022-09-21","2022-11-30","2026-01-26","PRD-02","11-682-64590-742"
"a0Qak00000ktCZVEA2","FIELD_CUSTOM_VALIDATION_EXCEPTION:Invalid status transition from "Permitted" to "Producing".:--","a0Qak00000ktCZVEA2","Oil","Producing","Artificial Lift","13276.78","8385.43","7235.76","Fayetteville","2022-08-09","2022-09-13","2026-06-18","PRD-07","97-996-69545-744"
"a0Qak00000ktCf5EAE","FIELD_CUSTOM_VALIDATION_EXCEPTION:Invalid status transition from "Permitted" to "Producing".:--","a0Qak00000ktCf5EAE","Water Disposal","Producing","Artificial Lift","74744.76","10018.72","8498.61","Woodford","2025-07-06","2025-12-22","2026-06-28","PRD-07","26-860-37769-745"
"a0Qak00000ktCgSEAU","FIELD_CUSTOM_VALIDATION_EXCEPTION:Invalid status transition from "Permitted" to "Producing".:--","a0Qak00000ktCgSEAU","Gas","Producing","Artificial Lift","57032.07","6947.31","4431.97","Eagle Ford","2024-06-21","2025-05-25","2026-06-06","PRD-06","13-345-46989-747"
"a0Qak00000ktCaLEAU","FIELD_CUSTOM_VALIDATION_EXCEPTION:Invalid status transition from "Permitted" to "Shut-In".:--","a0Qak00000ktCaLEAU","Oil","Shut-In","Artificial Lift","9158.11","17078.26","12094.69","Fayetteville","2021-04-05","2022-03-27","2026-05-15","PRD-04","44-187-84727-748"
"a0Qak00000ktCc9EAE","FIELD_CUSTOM_VALIDATION_EXCEPTION:Invalid status transition from "Permitted" to "Producing".:--","a0Qak00000ktCc9EAE","Injection","Producing","Flowing","66364.67","5456.81","3874.9","Haynesville","2025-10-23","2026-05-23","2026-06-06","PRD-05","60-612-35543-749"
"a0Qak00000ktCYaEAM","FIELD_CUSTOM_VALIDATION_EXCEPTION:Invalid status transition from "Permitted" to "Shut-In".:--","a0Qak00000ktCYaEAM","Oil","Shut-In","Flowing","4706.73","9818.45","7482.51","Monterey","2017-04-08","2017-06-24","2026-02-02","PRD-04","97-769-28463-751"
"a0Qak00000ktCjVEAU","FIELD_CUSTOM_VALIDATION_EXCEPTION:Invalid status transition from "Permitted" to "Producing".:--","a0Qak00000ktCjVEAU","Water Disposal","Producing","Flowing","4818.34","6614.11","5655.41","Wolfcamp","2025-07-27","2026-02-16","2026-06-16","PRD-03","53-397-57227-752"
"a0Qak00000ktCYiEAM","FIELD_CUSTOM_VALIDATION_EXCEPTION:Invalid status transition from "Permitted" to "Shut-In".:--","a0Qak00000ktCYiEAM","Oil","Shut-In","Artificial Lift","1531.44","16527.86","12581.99","Barnett","2020-12-04","2021-08-17","2025-07-03","PRD-03","25-682-73997-755"
"a0Qak00000ktCfwEAE","FIELD_CUSTOM_VALIDATION_EXCEPTION:Invalid status transition from "Permitted" to "Producing".:--","a0Qak00000ktCfwEAE","Injection","Producing","Flowing","71909.87","11825.56","9664.02","Wolfcamp","2025-10-30","2026-04-03","2026-06-08","PRD-01","29-973-23801-757"
"a0Qak00000ktCX4EAM","FIELD_CUSTOM_VALIDATION_EXCEPTION:Invalid status transition from "Permitted" to "Producing".:--","a0Qak00000ktCX4EAM","Oil","Producing","Shut-In","12880.52","10676.62","9672.54","Wolfcamp","2022-11-18","2023-06-14","2026-06-16","PRD-08","92-647-70929-758"
"a0Qak00000ktCgaEAE","FIELD_CUSTOM_VALIDATION_EXCEPTION:Invalid status transition from "Permitted" to "Producing".:--","a0Qak00000ktCgaEAE","Water Disposal","Producing","Flowing","22042.64","14595.48","10785.05","Woodford","2025-03-18","2025-11-08","2026-06-20","PRD-02","50-450-89215-759"
"a0Qak00000ktChAEAU","FIELD_CUSTOM_VALIDATION_EXCEPTION:Invalid status transition from "Permitted" to "Producing".:--","a0Qak00000ktChAEAU","Water Disposal","Producing","Artificial Lift","22431.22","9545.79","7548.6","Barnett","2025-01-10","2026-01-02","2026-06-24","PRD-06","82-132-88784-760"
"a0Qak00000ktCaIEAU","FIELD_CUSTOM_VALIDATION_EXCEPTION:Invalid status transition from "Permitted" to "Producing".:--","a0Qak00000ktCaIEAU","Oil","Producing","Artificial Lift","1684.78","18485.31","14011.82","Woodford","2018-03-26","2018-08-12","2026-06-09","PRD-05","33-950-17044-762"
"a0Qak00000ktCgxEAE","FIELD_CUSTOM_VALIDATION_EXCEPTION:Invalid status transition from "Permitted" to "Producing".:--","a0Qak00000ktCgxEAE","Water Disposal","Producing","Shut-In","37231.24","12531.76","8240.72","Niobrara","2024-06-25","2025-03-28","2026-06-15","PRD-03","99-547-56490-763"
"a0Qak00000ktCZLEA2","FIELD_CUSTOM_VALIDATION_EXCEPTION:Invalid status transition from "Permitted" to "Suspended".:--","a0Qak00000ktCZLEA2","Oil","Suspended","Shut-In","13459.8","10382.72","8855.98","Utica","2017-04-19","2017-08-01","2026-06-20","PRD-06","11-254-70117-764"
"a0Qak00000ktCc0EAE","FIELD_CUSTOM_VALIDATION_EXCEPTION:Invalid status transition from "Permitted" to "Producing".:--","a0Qak00000ktCc0EAE","Oil","Producing","Artificial Lift","27197.7","11964.46","10421.46","Utica","2024-12-21","2025-05-10","2026-06-19","PRD-04","34-795-85607-766"
"a0Qak00000ktCYZEA2","FIELD_CUSTOM_VALIDATION_EXCEPTION:Invalid status transition from "Permitted" to "Producing".:--","a0Qak00000ktCYZEA2","Oil","Producing","Artificial Lift","4878.19","11683.59","10359.47","Eagle Ford","2015-11-16","2016-08-27","2026-06-10","PRD-08","62-520-56101-767"
"a0Qak00000ktCbuEAE","FIELD_CUSTOM_VALIDATION_EXCEPTION:Invalid status transition from "Permitted" to "Producing".:--","a0Qak00000ktCbuEAE","Water Disposal","Producing","Flowing","49006.04","12650.81","8092.51","Permian Basin","2024-06-12","2025-02-16","2026-06-19","PRD-03","80-709-31319-768"
"a0Qak00000ktCgNEAU","FIELD_CUSTOM_VALIDATION_EXCEPTION:Invalid status transition from "Permitted" to "Producing".:--","a0Qak00000ktCgNEAU","Water Disposal","Producing","Artificial Lift","59755.79","9374.94","6554.37","Utica","2025-12-07","2026-02-19","2026-06-05","PRD-02","21-765-12153-769"
"a0Qak00000ktCdNEAU","FIELD_CUSTOM_VALIDATION_EXCEPTION:Invalid status transition from "Permitted" to "Producing".:--","a0Qak00000ktCdNEAU","Water Disposal","Producing","Artificial Lift","55548.67","10447.34","8584.93","Fayetteville","2024-08-28","2024-10-13","2026-06-09","PRD-05","63-316-39213-770"
"a0Qak00000ktCXYEA2","FIELD_CUSTOM_VALIDATION_EXCEPTION:Invalid status transition from "Permitted" to "Suspended".:--","a0Qak00000ktCXYEA2","Oil","Suspended","Flowing","8024.97","16894.95","12014.25","Permian Basin","2017-05-25","2018-01-30","2026-06-23","PRD-07","34-731-94467-773"
"a0Qak00000ktCXCEA2","FIELD_CUSTOM_VALIDATION_EXCEPTION:Invalid status transition from "Permitted" to "Producing".:--","a0Qak00000ktCXCEA2","Oil","Producing","Flowing","7811.73","15577.29","13622.32","Tuscaloosa","2017-01-06","2017-06-18","2026-06-04","PRD-03","51-308-22223-775"
"a0Qak00000ktCafEAE","FIELD_CUSTOM_VALIDATION_EXCEPTION:Invalid status transition from "Permitted" to "Producing".:--","a0Qak00000ktCafEAE","Oil","Producing","Artificial Lift","9618.96","15119.46","9218.89","Bone Spring","2018-03-18","2018-05-27","2026-06-12","PRD-07","13-860-27111-776"
"a0Qak00000ktCZeEAM","FIELD_CUSTOM_VALIDATION_EXCEPTION:Invalid status transition from "Permitted" to "Plugged".:--","a0Qak00000ktCZeEAM","Oil","Plugged","Shut-In","11775.05","10238.66","8481.53","Marcellus","2020-10-24","2021-03-02","2025-08-30","PRD-04","58-888-44141-777"
"a0Qak00000ktCgoEAE","FIELD_CUSTOM_VALIDATION_EXCEPTION:Invalid status transition from "Permitted" to "Producing".:--","a0Qak00000ktCgoEAE","Injection","Producing","Flowing","75773.43","11274.38","9283.72","Utica","2025-11-21","2026-02-15","2026-06-16","PRD-02","23-245-47022-778"
"a0Qak00000ktCWdEAM","FIELD_CUSTOM_VALIDATION_EXCEPTION:Invalid status transition from "Permitted" to "Suspended".:--","a0Qak00000ktCWdEAM","Oil","Suspended","Artificial Lift","7666.55","12336.77","11021.8","Woodford","2022-08-07","2023-05-15","2026-06-05","PRD-01","62-175-73768-779"
"a0Qak00000ktCX2EAM","FIELD_CUSTOM_VALIDATION_EXCEPTION:Invalid status transition from "Permitted" to "Plugged".:--","a0Qak00000ktCX2EAM","Oil","Plugged","Artificial Lift","10466.38","12503.05","8874.1","Monterey","2019-02-19","2019-06-11","2026-02-28","PRD-05","11-282-96463-780"
"a0Qak00000ktCZ3EAM","FIELD_CUSTOM_VALIDATION_EXCEPTION:Invalid status transition from "Permitted" to "Producing".:--","a0Qak00000ktCZ3EAM","Oil","Producing","Artificial Lift","834.05","14140.94","9238.57","Tuscaloosa","2020-03-01","2020-05-28","2026-06-02","PRD-04","13-435-28161-782"
"a0Qak00000ktCfQEAU","FIELD_CUSTOM_VALIDATION_EXCEPTION:Invalid status transition from "Permitted" to "Producing".:--","a0Qak00000ktCfQEAU","Water Disposal","Producing","Artificial Lift","76090.13","7675.91","5899.33","Eagle Ford","2024-08-01","2025-06-09","2026-06-10","PRD-05","69-863-74985-783"
"a0Qak00000ktCbrEAE","FIELD_CUSTOM_VALIDATION_EXCEPTION:Invalid status transition from "Permitted" to "Producing".:--","a0Qak00000ktCbrEAE","Water Disposal","Producing","Flowing","27548.53","6729.6","5656.03","Monterey","2024-12-29","2025-08-17","2026-06-27","PRD-05","31-913-36978-784"
"a0Qak00000ktCg6EAE","FIELD_CUSTOM_VALIDATION_EXCEPTION:Invalid status transition from "Permitted" to "Producing".:--","a0Qak00000ktCg6EAE","Oil","Producing","Flowing","53761.44","7716.74","5490.94","Eagle Ford","2024-02-04","2024-09-17","2026-06-17","PRD-04","82-461-59015-785"
"a0Qak00000ktCgGEAU","FIELD_CUSTOM_VALIDATION_EXCEPTION:Invalid status transition from "Permitted" to "Producing".:--","a0Qak00000ktCgGEAU","Injection","Producing","Artificial Lift","77276.33","7530.64","5598.53","Utica","2023-10-13","2024-08-09","2026-06-19","PRD-07","13-217-33580-786"
"a0Qak00000ktCajEAE","FIELD_CUSTOM_VALIDATION_EXCEPTION:Invalid status transition from "Permitted" to "Shut-In".:--","a0Qak00000ktCajEAE","Oil","Shut-In","Artificial Lift","4057.11","10582.21","7725.87","Permian Basin","2020-09-20","2020-12-21","2026-05-27","PRD-06","98-111-53105-787"
"a0Qak00000ktCf0EAE","FIELD_CUSTOM_VALIDATION_EXCEPTION:Invalid status transition from "Permitted" to "Producing".:--","a0Qak00000ktCf0EAE","Oil","Producing","Flowing","35901.48","7326.49","4565.74","Haynesville","2024-05-07","2024-09-22","2026-06-14","PRD-04","23-674-46444-788"
"a0Qak00000ktCXBEA2","FIELD_CUSTOM_VALIDATION_EXCEPTION:Invalid status transition from "Permitted" to "Shut-In".:--","a0Qak00000ktCXBEA2","Oil","Shut-In","Shut-In","10390.91","13222.47","11697.76","Marcellus","2022-02-19","2022-04-15","2025-09-21","PRD-08","15-381-65212-789"
"a0Qak00000ktCc8EAE","FIELD_CUSTOM_VALIDATION_EXCEPTION:Invalid status transition from "Permitted" to "Producing".:--","a0Qak00000ktCc8EAE","Water Disposal","Producing","Flowing","54092.99","10911.71","7449.94","Bakken","2025-07-05","2025-08-13","2026-06-10","PRD-01","69-391-27178-790"
"a0Qak00000ktCXwEAM","FIELD_CUSTOM_VALIDATION_EXCEPTION:Invalid status transition from "Permitted" to "Producing".:--","a0Qak00000ktCXwEAM","Oil","Producing","Shut-In","8148.95","12048.68","7297.83","Barnett","2022-10-08","2023-06-07","2026-06-07","PRD-05","45-424-55327-791"
"a0Qak00000ktCekEAE","FIELD_CUSTOM_VALIDATION_EXCEPTION:Invalid status transition from "Permitted" to "Producing".:--","a0Qak00000ktCekEAE","Oil","Producing","Flowing","35356.35","11123.21","8205.2","Bone Spring","2024-05-14","2025-02-20","2026-06-03","PRD-02","57-732-23466-792"
"a0Qak00000ktCdTEAU","FIELD_CUSTOM_VALIDATION_EXCEPTION:Invalid status transition from "Permitted" to "Producing".:--","a0Qak00000ktCdTEAU","Oil","Producing","Artificial Lift","24017.74","14935.4","13464.06","Bone Spring","2024-10-17","2025-03-11","2026-06-25","PRD-02","34-841-58349-793"
"a0Qak00000ktChwEAE","FIELD_CUSTOM_VALIDATION_EXCEPTION:Invalid status transition from "Permitted" to "Producing".:--","a0Qak00000ktChwEAE","Gas","Producing","Shut-In","1298.44","8494.61","5426.2","Haynesville","2025-12-27","2026-06-10","2026-06-20","PRD-07","44-815-32326-794"
"a0Qak00000ktCWbEAM","FIELD_CUSTOM_VALIDATION_EXCEPTION:Invalid status transition from "Permitted" to "Shut-In".:--","a0Qak00000ktCWbEAM","Oil","Shut-In","Artificial Lift","5130.32","9776.02","7864.28","Tuscaloosa","2018-11-21","2019-11-12","2025-10-15","PRD-02","76-640-41525-795"
"a0Qak00000ktCaFEAU","FIELD_CUSTOM_VALIDATION_EXCEPTION:Invalid status transition from "Permitted" to "Shut-In".:--","a0Qak00000ktCaFEAU","Oil","Shut-In","Shut-In","14657.07","11862.94","10152.33","Marcellus","2023-01-06","2023-06-20","2025-12-31","PRD-02","55-671-41768-796"
"a0Qak00000ktCfrEAE","FIELD_CUSTOM_VALIDATION_EXCEPTION:Invalid status transition from "Permitted" to "Producing".:--","a0Qak00000ktCfrEAE","Gas","Producing","Artificial Lift","28382.93","5780.17","5434.04","Bakken","2025-09-20","2025-10-26","2026-06-09","PRD-04","69-938-60470-797"
"a0Qak00000ktCbZEAU","FIELD_CUSTOM_VALIDATION_EXCEPTION:Invalid status transition from "Permitted" to "Producing".:--","a0Qak00000ktCbZEAU","Gas","Producing","Flowing","67909.7","12616.03","9838.92","Niobrara","2024-10-27","2025-07-16","2026-06-10","PRD-03","74-208-27047-798"
"a0Qak00000ktCXUEA2","FIELD_CUSTOM_VALIDATION_EXCEPTION:Invalid status transition from "Permitted" to "Plugged".:--","a0Qak00000ktCXUEA2","Oil","Plugged","Shut-In","1979.93","13531.45","8626.44","Eagle Ford","2021-09-11","2021-10-19","2025-10-08","PRD-03","44-129-72421-800"
"a0Qak00000ktCcAEAU","FIELD_CUSTOM_VALIDATION_EXCEPTION:Invalid status transition from "Permitted" to "Producing".:--","a0Qak00000ktCcAEAU","Water Disposal","Producing","Flowing","32262.62","14269.28","8981.42","Woodford","2025-07-11","2025-10-26","2026-06-18","PRD-07","75-441-16967-801"
"a0Qak00000ktCXPEA2","FIELD_CUSTOM_VALIDATION_EXCEPTION:Invalid status transition from "Permitted" to "Producing".:--","a0Qak00000ktCXPEA2","Oil","Producing","Artificial Lift","9905.02","16784.02","12552.87","Haynesville","2021-09-23","2022-05-17","2026-06-25","PRD-05","77-722-74699-802"
"a0Qak00000ktCbREAU","FIELD_CUSTOM_VALIDATION_EXCEPTION:Invalid status transition from "Permitted" to "Producing".:--","a0Qak00000ktCbREAU","Oil","Producing","Flowing","10642.93","12854.71","9480.48","Marcellus","2016-04-13","2016-09-27","2026-06-15","PRD-04","31-904-36683-804"
"a0Qak00000ktCZREA2","FIELD_CUSTOM_VALIDATION_EXCEPTION:Invalid status transition from "Permitted" to "Producing".:--","a0Qak00000ktCZREA2","Oil","Producing","Artificial Lift","3216.49","18798.43","12212.25","Bakken","2016-04-13","2017-01-10","2026-06-17","PRD-06","12-281-44581-806"
"a0Qak00000ktCYSEA2","FIELD_CUSTOM_VALIDATION_EXCEPTION:Invalid status transition from "Permitted" to "Suspended".:--","a0Qak00000ktCYSEA2","Oil","Suspended","Artificial Lift","11523.78","8116.81","5870.49","Barnett","2017-11-16","2017-12-16","2026-06-15","PRD-04","70-212-15921-807"
"a0Qak00000ktCj2EAE","FIELD_CUSTOM_VALIDATION_EXCEPTION:Invalid status transition from "Permitted" to "Producing".:--","a0Qak00000ktCj2EAE","Injection","Producing","Artificial Lift","4952.07","8847.51","6935.07","Permian Basin","2026-03-06","2026-05-23","2026-06-27","PRD-05","52-563-74312-808"
"a0Qak00000ktCbVEAU","FIELD_CUSTOM_VALIDATION_EXCEPTION:Invalid status transition from "Permitted" to "Plugged".:--","a0Qak00000ktCbVEAU","Oil","Plugged","Artificial Lift","7554.15","12371.47","7481.6","Niobrara","2020-07-28","2021-02-13","2025-09-08","PRD-08","24-376-99887-809"
"a0Qak00000ktCYWEA2","FIELD_CUSTOM_VALIDATION_EXCEPTION:Invalid status transition from "Permitted" to "Suspended".:--","a0Qak00000ktCYWEA2","Oil","Suspended","Artificial Lift","6550.77","19927.32","14113.79","Bakken","2017-03-10","2017-12-31","2026-06-08","PRD-06","88-225-66814-812"
"a0Qak00000ktCiQEAU","FIELD_CUSTOM_VALIDATION_EXCEPTION:Invalid status transition from "Permitted" to "Producing".:--","a0Qak00000ktCiQEAU","Gas","Producing","Artificial Lift","3962.63","5428.98","3466.77","Bakken","2025-11-09","2026-02-22","2026-06-16","PRD-03","76-396-91762-813"
"a0Qak00000ktCVzEAM","FIELD_CUSTOM_VALIDATION_EXCEPTION:Invalid status transition from "Permitted" to "Producing".:--","a0Qak00000ktCVzEAM","Oil","Producing","Artificial Lift","12096.88","8187.11","5029.62","Haynesville","2017-08-04","2017-11-05","2026-06-29","PRD-08","49-105-66403-814"
"a0Qak00000ktCaTEAU","FIELD_CUSTOM_VALIDATION_EXCEPTION:Invalid status transition from "Permitted" to "Producing".:--","a0Qak00000ktCaTEAU","Oil","Producing","Flowing","1223.58","9652.63","8760.27","Spraberry","2017-12-31","2018-11-13","2026-06-26","PRD-02","44-246-35785-815"
"a0Qak00000ktCfcEAE","FIELD_CUSTOM_VALIDATION_EXCEPTION:Invalid status transition from "Permitted" to "Producing".:--","a0Qak00000ktCfcEAE","Injection","Producing","Shut-In","33902.13","5321.37","4930.39","Marcellus","2023-07-16","2024-07-06","2026-06-18","PRD-07","61-200-44243-816"
"a0Qak00000ktCdIEAU","FIELD_CUSTOM_VALIDATION_EXCEPTION:Invalid status transition from "Permitted" to "Producing".:--","a0Qak00000ktCdIEAU","Injection","Producing","Flowing","43328.06","13759.32","12129.3","Permian Basin","2024-02-20","2024-07-01","2026-06-22","PRD-03","63-667-36151-817"
"a0Qak00000ktCZWEA2","FIELD_CUSTOM_VALIDATION_EXCEPTION:Invalid status transition from "Permitted" to "Producing".:--","a0Qak00000ktCZWEA2","Oil","Producing","Artificial Lift","13943.22","13533.85","8988.92","Spraberry","2019-05-20","2019-08-07","2026-06-26","PRD-08","98-420-76036-818"
"a0Qak00000ktCjOEAU","FIELD_CUSTOM_VALIDATION_EXCEPTION:Invalid status transition from "Permitted" to "Producing".:--","a0Qak00000ktCjOEAU","Oil","Producing","Artificial Lift","1865.56","7346.23","6721.58","Monterey","2026-02-17","2026-04-15","2026-06-06","PRD-07","26-512-97828-820"
"a0Qak00000ktCZAEA2","FIELD_CUSTOM_VALIDATION_EXCEPTION:Invalid status transition from "Permitted" to "Shut-In".:--","a0Qak00000ktCZAEA2","Oil","Shut-In","Artificial Lift","2002.3","8295.88","6446.16","Woodford","2023-08-16","2023-11-16","2025-12-29","PRD-07","71-288-40792-824"
"a0Qak00000ktCWKEA2","FIELD_CUSTOM_VALIDATION_EXCEPTION:Invalid status transition from "Permitted" to "Producing".:--","a0Qak00000ktCWKEA2","Oil","Producing","Shut-In","8426.87","13713.9","9620.47","Wolfcamp","2022-06-21","2023-05-18","2026-06-15","PRD-06","95-381-61273-826"
"a0Qak00000ktCfpEAE","FIELD_CUSTOM_VALIDATION_EXCEPTION:Invalid status transition from "Permitted" to "Producing".:--","a0Qak00000ktCfpEAE","Oil","Producing","Artificial Lift","45157.64","13134.94","8562.12","Haynesville","2024-11-18","2025-02-17","2026-06-12","PRD-07","11-694-49683-827"
"a0Qak00000ktCeEEAU","FIELD_CUSTOM_VALIDATION_EXCEPTION:Invalid status transition from "Permitted" to "Producing".:--","a0Qak00000ktCeEEAU","Gas","Producing","Artificial Lift","55291.97","5426.32","4978.49","Permian Basin","2024-05-18","2025-02-06","2026-06-22","PRD-01","30-466-75619-828"
"a0Qak00000ktCZjEAM","FIELD_CUSTOM_VALIDATION_EXCEPTION:Invalid status transition from "Permitted" to "Producing".:--","a0Qak00000ktCZjEAM","Oil","Producing","Shut-In","6164.05","8753.19","7261.4","Niobrara","2016-04-09","2017-02-21","2026-06-20","PRD-08","27-385-96303-829"
"a0Qak00000ktCZUEA2","FIELD_CUSTOM_VALIDATION_EXCEPTION:Invalid status transition from "Permitted" to "Producing".:--","a0Qak00000ktCZUEA2","Oil","Producing","Artificial Lift","13784.32","15741.61","11519.44","Barnett","2017-05-15","2017-09-14","2026-06-12","PRD-05","26-814-52477-830"
"a0Qak00000ktCXQEA2","FIELD_CUSTOM_VALIDATION_EXCEPTION:Invalid status transition from "Permitted" to "Shut-In".:--","a0Qak00000ktCXQEA2","Oil","Shut-In","Shut-In","8975.15","17958.64","11199.9","Bakken","2022-04-23","2022-09-18","2026-04-12","PRD-02","73-795-72444-831"
"a0Qak00000ktCWNEA2","FIELD_CUSTOM_VALIDATION_EXCEPTION:Invalid status transition from "Permitted" to "Producing".:--","a0Qak00000ktCWNEA2","Oil","Producing","Artificial Lift","11690.28","19007.22","16697.12","Eagle Ford","2021-12-05","2022-07-19","2026-06-06","PRD-07","18-163-90203-832"
"a0Qak00000ktCWPEA2","FIELD_CUSTOM_VALIDATION_EXCEPTION:Invalid status transition from "Permitted" to "Producing".:--","a0Qak00000ktCWPEA2","Oil","Producing","Artificial Lift","11374.06","13298.34","9721.26","Wolfcamp","2023-11-04","2024-03-02","2026-06-20","PRD-02","99-560-59496-833"
"a0Qak00000ktCcrEAE","FIELD_CUSTOM_VALIDATION_EXCEPTION:Invalid status transition from "Permitted" to "Producing".:--","a0Qak00000ktCcrEAE","Gas","Producing","Artificial Lift","51170.43","6957.18","5370.15","Wolfcamp","2025-03-20","2025-08-12","2026-06-24","PRD-03","65-933-79275-834"
"a0Qak00000ktCfdEAE","FIELD_CUSTOM_VALIDATION_EXCEPTION:Invalid status transition from "Permitted" to "Producing".:--","a0Qak00000ktCfdEAE","Injection","Producing","Flowing","77389.1","5962.06","3646.6","Permian Basin","2025-10-24","2026-05-26","2026-06-06","PRD-07","82-659-19432-835"
"a0Qak00000ktCXKEA2","FIELD_CUSTOM_VALIDATION_EXCEPTION:Invalid status transition from "Permitted" to "Producing".:--","a0Qak00000ktCXKEA2","Oil","Producing","Shut-In","13709.33","15706.79","12151.74","Tuscaloosa","2021-04-16","2022-03-04","2026-06-04","PRD-08","74-460-56725-836"
"a0Qak00000ktCetEAE","FIELD_CUSTOM_VALIDATION_EXCEPTION:Invalid status transition from "Permitted" to "Producing".:--","a0Qak00000ktCetEAE","Oil","Producing","Flowing","23961.78","5671.55","4251.56","Woodford","2025-05-03","2026-03-20","2026-06-28","PRD-03","76-405-23226-837"
"a0Qak00000ktCh3EAE","FIELD_CUSTOM_VALIDATION_EXCEPTION:Invalid status transition from "Permitted" to "Producing".:--","a0Qak00000ktCh3EAE","Oil","Producing","Flowing","70457.69","14318.09","11096.76","Woodford","2024-07-08","2024-09-05","2026-06-13","PRD-02","84-582-44478-839"
"a0Qak00000ktCXZEA2","FIELD_CUSTOM_VALIDATION_EXCEPTION:Invalid status transition from "Permitted" to "Producing".:--","a0Qak00000ktCXZEA2","Oil","Producing","Artificial Lift","3407.41","18656.34","11581.62","Marcellus","2017-10-27","2018-05-13","2026-06-01","PRD-01","40-605-19556-840"
"a0Qak00000ktCi3EAE","FIELD_CUSTOM_VALIDATION_EXCEPTION:Invalid status transition from "Permitted" to "Producing".:--","a0Qak00000ktCi3EAE","Injection","Producing","Artificial Lift","3050.01","8845.02","7806.8","Niobrara","2025-10-11","2026-06-11","2026-06-11","PRD-02","80-590-26969-841"
"a0Qak00000ktCYBEA2","FIELD_CUSTOM_VALIDATION_EXCEPTION:Invalid status transition from "Permitted" to "Suspended".:--","a0Qak00000ktCYBEA2","Oil","Suspended","Artificial Lift","7700.65","10702.94","7733.84","Barnett","2020-09-11","2021-02-04","2026-06-30","PRD-01","13-892-35712-842"
"a0Qak00000ktCZZEA2","FIELD_CUSTOM_VALIDATION_EXCEPTION:Invalid status transition from "Permitted" to "Shut-In".:--","a0Qak00000ktCZZEA2","Oil","Shut-In","Flowing","10388.15","16855.08","13372.38","Bakken","2019-07-19","2020-02-27","2026-03-28","PRD-07","99-537-82029-843"
"a0Qak00000ktCZvEAM","FIELD_CUSTOM_VALIDATION_EXCEPTION:Invalid status transition from "Permitted" to "Producing".:--","a0Qak00000ktCZvEAM","Oil","Producing","Artificial Lift","13508.63","19790.41","14421.23","Marcellus","2019-12-16","2020-08-25","2026-06-01","PRD-01","40-337-22057-844"
"a0Qak00000ktCaQEAU","FIELD_CUSTOM_VALIDATION_EXCEPTION:Invalid status transition from "Permitted" to "Shut-In".:--","a0Qak00000ktCaQEAU","Oil","Shut-In","Artificial Lift","11338.4","18660.02","16376.28","Utica","2023-11-19","2023-12-26","2026-01-24","PRD-01","19-158-26608-845"
"a0Qak00000ktCWIEA2","FIELD_CUSTOM_VALIDATION_EXCEPTION:Invalid status transition from "Permitted" to "Producing".:--","a0Qak00000ktCWIEA2","Oil","Producing","Flowing","3484.98","16463.06","14564.85","Monterey","2021-04-28","2022-01-10","2026-06-08","PRD-05","56-898-82273-847"
"a0Qak00000ktCXjEAM","FIELD_CUSTOM_VALIDATION_EXCEPTION:Invalid status transition from "Permitted" to "Producing".:--","a0Qak00000ktCXjEAM","Oil","Producing","Shut-In","8139.24","11210.42","9464.06","Fayetteville","2023-03-04","2023-04-30","2026-06-19","PRD-07","89-597-46671-848"
"a0Qak00000ktCgREAU","FIELD_CUSTOM_VALIDATION_EXCEPTION:Invalid status transition from "Permitted" to "Producing".:--","a0Qak00000ktCgREAU","Water Disposal","Producing","Shut-In","69692.65","10209.95","7215.66","Fayetteville","2025-07-28","2025-10-28","2026-06-19","PRD-03","14-340-67708-849"
